{
  "results" : [ {
    "summary" : "The head teacher at the school that Christina Edkins attended has said that her death \"rocked the whole community\".",
    "type" : "MAP",
    "lastUpdated" : "2013-10-02T16:35:57+00:00",
    "firstCreated" : "2013-10-02T16:06:16+00:00",
    "hasShortForm" : false,
    "body" : "<body xmlns=\"http://www.bbc.co.uk/asset\" xml:space=\"preserve\" xml:base=\"http://www.bbc.co.uk/article/7818bcc0-8fb1-184f-899b-3a88d7babb1e\"><paragraph>Neil Shaw, head teacher at the school that Christina Edkins attended, has said that her death \"rocked the whole community\".</paragraph><paragraph>Phillip Simelane, from Walsall, stabbed Christina in a random attack as she made her way to school in March.</paragraph><paragraph>Mr Shaw, who is the head of Leasowes High School, said Christina was a \"role-model for any student\".</paragraph></body>",
    "media" : {
      "images" : {
        "index" : {
          "70239805" : {
            "height" : 360,
            "width" : 640,
            "href" : "http://news.bbcimg.co.uk/media/images/70239000/jpg/_70239805_70239803.jpg",
            "altText" : "Neil Shaw"
          }
        }
      },
      "videos" : {
        "primary" : {
          "70239883" : {
            "duration" : "PT2M51S",
            "available" : true,
            "mimeType" : "application/xml",
            "href" : "http://playlists.bbc.co.uk/news/uk-24374047A/playlist.sxml",
            "externalId" : "p01hyqb5",
            "caption" : "Head teacher Neil Shaw: \"Christina was a hardworking girl, really driven...bright and lively\"",
            "allowOffSiteEmbedding" : false,
            "live" : false,
            "image" : {
              "height" : 360,
              "width" : 640,
              "href" : "http://news.bbcimg.co.uk/media/images/70239000/jpg/_70239804_70239803.jpg",
              "altText" : "Neil Shaw"
            }
          }
        }
      }
    },
    "relatedGroups" : [ {
      "type" : "see-alsos",
      "items" : [ {
        "summary" : "A man whose mental health was the subject of warnings is detained for killing schoolgirl Christina Edkins in a random attack on a bus in Birmingham.",
        "type" : "STY",
        "lastUpdated" : "2013-10-02T15:24:05+00:00",
        "firstCreated" : "2013-10-01T18:56:13+00:00",
        "hasShortForm" : true,
        "language" : "en-gb",
        "assetUri" : "/news/uk-england-birmingham-24358473",
        "headline" : "Christina Edkins killing: Phillip Simelane detained",
        "shortHeadline" : "Man detained for random bus killing",
        "section" : {
          "name" : "Birmingham & Black Country",
          "uri" : "/news/england/birmingham_and_black_country"
        },
        "site" : {
          "name" : "BBC News",
          "code" : "news-v6"
        },
        "workerCallingCard" : "nolapps593-6006"
      }, {
        "summary" : "A 23-year-old man has admitted stabbing a teenage girl to death as she travelled to school on a bus in Birmingham in March.",
        "type" : "MAP",
        "lastUpdated" : "2013-10-02T22:44:17+00:00",
        "firstCreated" : "2013-10-02T12:07:12+00:00",
        "hasShortForm" : false,
        "media" : {
          "videos" : {
            "primary" : {
              "70245570" : {
                "duration" : "PT2M23S",
                "available" : true,
                "mimeType" : "application/xml",
                "href" : "http://playlists.bbc.co.uk/news/uk-24368051A/playlist.sxml",
                "externalId" : "p01hz8tn",
                "caption" : "A passenger describes how she tried to help Christina, giving her CPR",
                "allowOffSiteEmbedding" : false,
                "live" : false,
                "image" : {
                  "height" : 360,
                  "width" : 640,
                  "href" : "http://news.bbcimg.co.uk/media/images/70230000/jpg/_70230260_70230259.jpg",
                  "altText" : "Christina Edkins"
                }
              }
            }
          }
        },
        "language" : "en-gb",
        "assetUri" : "/news/uk-24368051",
        "headline" : "Christina Edkins killing: Man detained for bus stabbing",
        "shortHeadline" : "Man detained for random bus killing",
        "section" : {
          "name" : "UK",
          "uri" : "/news/uk"
        },
        "site" : {
          "name" : "BBC News",
          "code" : "news-v6"
        },
        "workerCallingCard" : "NOLAPPS202-6002",
        "mediaType" : "Video"
      }, {
        "summary" : "A man who stabbed a girl to death on a Birmingham bus had previously been jailed for threatening his own mother with a knife.",
        "type" : "STY",
        "lastUpdated" : "2013-10-02T16:10:28+00:00",
        "firstCreated" : "2013-10-01T17:00:51+00:00",
        "hasShortForm" : false,
        "language" : "en-gb",
        "assetUri" : "/news/uk-england-birmingham-24358472",
        "headline" : "Christina Edkins' killer Phillip Simelane threatened own mother",
        "shortHeadline" : "Girl's killer threatened own mother",
        "section" : {
          "name" : "Birmingham & Black Country",
          "uri" : "/news/england/birmingham_and_black_country"
        },
        "site" : {
          "name" : "BBC News",
          "code" : "news-v6"
        },
        "workerCallingCard" : "NOLAPPS571-6002"
      } ]
    }, {
      "type" : "more-media-asset-pages",
      "items" : [ {
        "title" : "AV content promotion hyperpuff - importers - LIVE",
        "type" : "HYP",
        "lastUpdated" : "2010-07-13T10:49:39+00:00",
        "firstCreated" : "2010-07-02T16:30:56+00:00",
        "language" : "en-gb",
        "assetUri" : "/news/10301118",
        "section" : {
          "name" : "Video",
          "uri" : "/news/video_and_audio"
        },
        "site" : {
          "name" : "BBC News",
          "code" : "news-v6"
        },
        "workerCallingCard" : "NOLAPPS201-6004"
      } ]
    } ],
    "options" : {
      "allowHeadline" : true,
      "allowDateStamp" : true,
      "allowRelatedStoriesBox" : true,
      "allowRightHandSide" : true,
      "includeComments" : false,
      "allowPrintingSharingLinks" : true,
      "allowAdvertising" : false
    },
    "language" : "en-gb",
    "assetUri" : "/news/uk-24374047",
    "assetId" : "24374047",
    "headline" : "Christina Edkins killing: Head teacher on 'shocking event'",
    "shortHeadline" : "Head teacher's shock at bus killing",
    "section" : {
      "name" : "UK",
      "uri" : "/news/uk"
    },
    "site" : {
      "name" : "BBC News",
      "code" : "news-v6"
    },
    "workerCallingCard" : "NOLAPPS203-6007",
    "iStatsCounterName" : "news.uk.media_asset.24374047.page",
    "mediaType" : "Video"
  } ]
}