{
  "results" : [ {
    "summary" : "A 16-year-old girl who was attacked on rush-hour bus in Birmingham died from a single stab wound to the chest, post-mortem tests reveal.",
    "type" : "STY",
    "lastUpdated" : "2013-03-08T14:57:08+00:00",
    "firstCreated" : "2013-03-08T04:06:24+00:00",
    "hasShortForm" : true,
    "body" : "<body xmlns=\"http://www.bbc.co.uk/asset\" xml:space=\"preserve\" xml:base=\"http://www.bbc.co.uk/article/7d4f0825-981f-e348-ba5e-2f7b5eb2287b\"><image id=\"66252167\"/><paragraph role=\"introduction\">A 16-year-old girl who was attacked on rush-hour bus in Birmingham died from a single stab wound to the chest, post-mortem tests have revealed.</paragraph><paragraph>Christina Edkins was stabbed upstairs on the bus on Hagley Road while on her way to school in Halesowen on Thursday.</paragraph><paragraph>Officers are continuing to question a 22-year-old man from the Walsall area who was arrested near the scene of the stabbing a few hours later.</paragraph><paragraph>West Midlands Police are investigating whether it was a random attack.</paragraph><paragraph>They said they were not looking for anyone else in connection with the killing.</paragraph><paragraph>Earlier, the force said about 16 people were on the bus at the time of the attack but they had only spoken to half of them.</paragraph><!-- Embedded video --><video media-id=\"66282375\">    <caption>Pupils at Leasowes High School have mourned the death of Christina Edkins</caption>  </video><paragraph>They urged the other passengers to contact them urgently, even if they did not see the stabbing and had been sitting downstairs.</paragraph><paragraph>Officers said they believed Christina's attacker may have travelled on buses around the Birmingham area after the stabbing.</paragraph><crosshead>'Much loved'</crosshead><paragraph>Officers have released a CCTV image of a man wearing a jacket with a tiger design on the back and have urged anyone who saw him on Thursday between 0600 GMT and 1300 GMT to contact them.</paragraph><paragraph>West Midlands Police said extra officers were patrolling buses on Friday to reassure passengers.</paragraph><paragraph>Counsellors have been brought in to support pupils and staff at Leasowes High School, where Christina was a pupil.</paragraph><paragraph>Flowers, soft toys and balloons have been left outside the school.</paragraph><image id=\"66275743\"/><paragraph>The school said it thanked \"everyone for many offers of support\" and extended heartfelt sympathy to Christina's family. </paragraph><paragraph>A book of remembrance has been opened at nearby St Peter's Church, in Lapal, Halesowen, where people can go to light a candle. </paragraph><paragraph>Christina's head teacher Neil Shaw described her as a \"bright and popular student\" who was \"much loved by staff and students\".</paragraph><crosshead>'Distressed and distraught'</crosshead><paragraph>The Reverend Mike Rutter, the vicar of St Peter's, said: \"It's a terrible tragedy and many in our community will be affected.</paragraph><paragraph>\"Our thoughts and prayers are with Christina's family and friends at this difficult time.\"</paragraph><paragraph>Det Supt Richard Baker said the teenager's family were distressed and distraught.</paragraph><pullOut title=\"At the scene\" size=\"wide\"><image id=\"66271928\"/><byline name=\"Frankie McCamley\" title=\"BBC WM reporter\"><person><name>Frankie McCamley</name><function>BBC WM reporter</function></person></byline><paragraph>Outside Christina's school, queues of pupils have been turning up with flowers, balloons and teddy bears all morning. There are hundreds of flowers now outside the school gates.</paragraph><paragraph>There is none of the usual hustle and bustle you would expect during a school day. Instead, all the children are very visibly upset.</paragraph><paragraph>Flowers have also been left by the bus stop where the attack happened.</paragraph><paragraph>Christina's school friends want to do something in her memory. There has been talk of lots of things, including holding the school prom in her memory.</paragraph><paragraph>It is a very, very sombre atmosphere and very quiet. The community is taking this very hard.</paragraph></pullOut><paragraph>Halesowen and Rowley Regis MP James Morris said he would be meeting officials of National Express later to discuss bus safety.</paragraph><paragraph>He added: \"The whole community is in shock here in Halesowen about this tragedy.\"</paragraph><paragraph>Police said they would be checking Christina's profiles on social media websites as part of the investigation, but there was nothing to suggest she was being targeted.</paragraph><paragraph>She is understood to have boarded the bus minutes before the attack, which happened at about 07:40 GMT.</paragraph><paragraph>The driver raised the alarm and attempts were made to revive the teenager, but she died at the scene.</paragraph><paragraph>Police have urged any further witnesses to contact them.</paragraph><paragraph>The 22-year-old was arrested near the Morrisons supermarket at Five Ways at about 12:30 GMT.</paragraph><paragraph>Ch Insp Kerry Blakeman, head of operations for Safer Travel, an organisation run by West Midlands Police, British Transport Police and Centro, said Birmingham's buses were safe to travel on.</paragraph><paragraph>He said: \"If you feel uncomfortable with anything, contact the driver. </paragraph><paragraph>\"There is a reporting mechanism between the buses and the police and officers can be contacted immediately.\"</paragraph></body>",
    "shortFormBody" : "<shortFormBody xmlns=\"http://www.bbc.co.uk/asset\" xml:space=\"preserve\" xml:base=\"http://www.bbc.co.uk/article/7d4f0825-981f-e348-ba5e-2f7b5eb2287b\"><paragraph>A 16-year-old girl who was attacked on rush-hour bus in Birmingham died from a single stab wound to the chest, post- mortem tests have revealed. </paragraph><paragraph>Christina Edkins was stabbed upstairs on the bus on Hagley Road while on her way to school in Halesowen on Thursday. </paragraph><paragraph>Officers are continuing to question a 22-year-old man from the Walsall area who was arrested near the scene of the stabbing a few hours later. </paragraph><paragraph>West Midlands Police are investigating whether it was a random attack. </paragraph></shortFormBody>",
    "media" : {
      "images" : {
        "body" : {
          "66249641" : {
            "height" : 171,
            "width" : 304,
            "href" : "http://news.bbcimg.co.uk/media/images/66249000/jpg/_66249641_frankiebus.jpg",
            "caption" : "Nothing could be done to save the victim, the emergency services said",
            "altText" : "Hagley Road stabbing",
            "positionHint" : "body-narrow-width"
          },
          "66249187" : {
            "height" : 171,
            "width" : 304,
            "href" : "http://news.bbcimg.co.uk/media/images/66249000/jpg/_66249187_forensics.jpg",
            "altText" : "Hagley Road stabbing",
            "positionHint" : "body-narrow-width"
          },
          "66247894" : {
            "height" : 171,
            "width" : 304,
            "href" : "http://news.bbcimg.co.uk/media/images/66247000/jpg/_66247894_bevvtlncaaa3pc_.jpg",
            "caption" : "Eyewitnesses reported seeing about 10 police cars and two ambulances at the scene",
            "altText" : "Hagley Road incident",
            "positionHint" : "body-narrow-width"
          },
          "66248410" : {
            "height" : 171,
            "width" : 304,
            "href" : "http://news.bbcimg.co.uk/media/images/66248000/jpg/_66248410_hagley.jpg",
            "caption" : "The Hagley Road and surrounding pavements would be closed off for most of the day, police said",
            "altText" : "Hagley Road incident",
            "positionHint" : "body-narrow-width"
          },
          "66252100" : {
            "height" : 261,
            "width" : 464,
            "href" : "http://news.bbcimg.co.uk/media/images/66252000/jpg/_66252100_busscene.jpg",
            "caption" : "Officers believe the girl was on her way to school when she was stabbed",
            "altText" : "The bus and police cars in Hagley Road",
            "positionHint" : "body-width"
          },
          "66252165" : {
            "height" : 171,
            "width" : 304,
            "href" : "http://news.bbcimg.co.uk/media/images/66252000/jpg/_66252165_timbowerspic.jpg",
            "caption" : "Traffic queues built up across the city following the attack",
            "altText" : "The Hagley Road",
            "positionHint" : "body-narrow-width"
          },
          "66252167" : {
            "height" : 171,
            "width" : 304,
            "href" : "http://news.bbcimg.co.uk/media/images/66252000/png/_66252167_40201337-1253-1.png",
            "caption" : "Christina was described as a \"bright and popular student\" by her head teacher",
            "altText" : "Christina Edkins",
            "positionHint" : "body-narrow-width"
          },
          "66257237" : {
            "height" : 171,
            "width" : 304,
            "href" : "http://news.bbcimg.co.uk/media/images/66257000/jpg/_66257237_017425961-1.jpg",
            "caption" : "The bus has been taken away from the scene, near the Five Ways junction of the Hagley Road",
            "altText" : "Police officers at the scene",
            "positionHint" : "body-narrow-width"
          },
          "66257240" : {
            "height" : 299,
            "width" : 224,
            "href" : "http://news.bbcimg.co.uk/media/images/66257000/jpg/_66257240_c13d0024-b240-4831-9ff6-34394bdbd01e.jpg",
            "caption" : "Officers have been searching around the scene",
            "altText" : "Officers searching around the scene"
          },
          "66270998" : {
            "height" : 171,
            "width" : 304,
            "href" : "http://news.bbcimg.co.uk/media/images/66270000/jpg/_66270998_5b81ab8a-30c0-4cfd-bcf1-eeadb8a0525c.jpg",
            "caption" : "Dozens of bunches of flowers have been left outside Christina's school",
            "altText" : "Flowers outside the school",
            "positionHint" : "body-narrow-width"
          },
          "66275743" : {
            "height" : 224,
            "width" : 224,
            "href" : "http://news.bbcimg.co.uk/media/images/66275000/jpg/_66275743_7f0b72cd-2d98-4d57-a35f-a2a8f9083df5.jpg",
            "caption" : "Police released a CCTV image of a man in a jacket with a tiger design",
            "altText" : "CCTV image from the bus"
          },
          "66271928" : {
            "height" : 171,
            "width" : 304,
            "href" : "http://news.bbcimg.co.uk/media/images/66271000/jpg/_66271928_flowers.jpg",
            "altText" : "Flowers outside the school",
            "positionHint" : "body-narrow-width"
          }
        },
        "index" : {
          "66252169" : {
            "height" : 261,
            "width" : 464,
            "href" : "http://news.bbcimg.co.uk/media/images/66252000/jpg/_66252169_66252168.jpg",
            "altText" : "Christina Edkins"
          }
        }
      },
      "videos" : {
        "body" : {
          "66282375" : {
            "duration" : "PT1M36S",
            "available" : true,
            "mimeType" : "application/xml",
            "href" : "http://playlists.bbc.co.uk/news/uk-england-birmingham-21718540A/playlist.sxml",
            "externalId" : "p0162d4p",
            "caption" : "Pupils at Leasowes High School have mourned the death of Christina Edkins",
            "allowOffSiteEmbedding" : false,
            "live" : false,
            "image" : {
              "height" : 360,
              "width" : 640,
              "href" : "http://news.bbcimg.co.uk/media/images/66282000/jpg/_66282377_school_flowers_640.jpg",
              "altText" : "Flowers being laid outside Leasowes High School in Halesowen"
            }
          }
        }
      }
    },
    "relatedGroups" : [ {
      "type" : "index",
      "items" : [ {
        "summary" : "More than 100 bunches of flowers have been laid outside a school in Halesowen in memory of stabbed 16-year-old Christina Edkins.",
        "type" : "MAP",
        "lastUpdated" : "2013-03-08T14:45:37+00:00",
        "firstCreated" : "2013-03-08T14:35:55+00:00",
        "hasShortForm" : false,
        "media" : {
          "videos" : {
            "primary" : {
              "66282375" : {
                "duration" : "PT1M36S",
                "available" : true,
                "mimeType" : "application/xml",
                "href" : "http://playlists.bbc.co.uk/news/uk-england-birmingham-21718540A/playlist.sxml",
                "externalId" : "p0162d4p",
                "caption" : "Pupils at Leasowes High School have mourned the death of Christina Edkins",
                "allowOffSiteEmbedding" : false,
                "live" : false,
                "image" : {
                  "height" : 360,
                  "width" : 640,
                  "href" : "http://news.bbcimg.co.uk/media/images/66282000/jpg/_66282377_school_flowers_640.jpg",
                  "altText" : "Flowers being laid outside Leasowes High School in Halesowen"
                }
              }
            }
          }
        },
        "language" : "en-GB",
        "assetUri" : "/news/uk-england-birmingham-21718540",
        "headline" : "Christina Edkins stab death: Flowers laid outside school",
        "shortHeadline" : "Flowers laid at stabbed girl school",
        "section" : {
          "name" : "Birmingham & Black Country",
          "uri" : "/news/england/birmingham_and_black_country"
        },
        "site" : {
          "name" : "BBC News",
          "code" : "news-v6"
        },
        "mediaType" : "Video"
      }, {
        "summary" : "A man is arrested after a 16-year-old girl was stabbed to death on a rush-hour bus on one of Birmingham's busiest roads.",
        "type" : "STY",
        "lastUpdated" : "2013-03-07T22:05:02+00:00",
        "firstCreated" : "2013-03-07T08:43:23+00:00",
        "hasShortForm" : true,
        "language" : "en-GB",
        "assetUri" : "/news/uk-england-stoke-staffordshire-21697693",
        "headline" : "Birmingham stabbing: Man held over Christina Edkins attack",
        "shortHeadline" : "Man held after fatal bus stabbing",
        "section" : {
          "name" : "Birmingham & Black Country",
          "uri" : "/news/england/birmingham_and_black_country"
        },
        "site" : {
          "name" : "BBC News",
          "code" : "news-v6"
        }
      }, {
        "summary" : "Tributes are paid to a 16-year-old schoolgirl who was stabbed to death on a bus in Birmingham.",
        "type" : "STY",
        "lastUpdated" : "2013-03-07T20:07:44+00:00",
        "firstCreated" : "2013-03-07T18:41:12+00:00",
        "hasShortForm" : true,
        "language" : "en-GB",
        "assetUri" : "/news/uk-england-birmingham-21708079",
        "headline" : "Christina Edkins stab death: Tributes to Birmingham schoolgirl",
        "shortHeadline" : "Friends pay tribute to stabbed girl",
        "section" : {
          "name" : "Birmingham & Black Country",
          "uri" : "/news/england/birmingham_and_black_country"
        },
        "site" : {
          "name" : "BBC News",
          "code" : "news-v6"
        }
      }, {
        "summary" : "A man has been arrested after a 16-year-old girl was stabbed to death on a rush-hour bus on one of Birmingham's busiest roads.",
        "type" : "MAP",
        "lastUpdated" : "2013-03-07T15:19:00+00:00",
        "firstCreated" : "2013-03-07T15:09:21+00:00",
        "hasShortForm" : false,
        "media" : {
          "videos" : {
            "primary" : {
              "66259937" : {
                "duration" : "PT1M16S",
                "available" : true,
                "mimeType" : "application/xml",
                "href" : "http://playlists.bbc.co.uk/news/uk-21705451A/playlist.sxml",
                "externalId" : "p0160mww",
                "caption" : "West Midlands Police gave an update on the arrest",
                "allowOffSiteEmbedding" : false,
                "live" : false,
                "image" : {
                  "height" : 360,
                  "width" : 640,
                  "href" : "http://news.bbcimg.co.uk/media/images/66259000/jpg/_66259939_66259938.jpg",
                  "altText" : "Det Supt Richard Baker"
                }
              }
            }
          }
        },
        "language" : "en-GB",
        "assetUri" : "/news/uk-21705451",
        "headline" : "Birmingham stabbing: Police arrest man over fatal attack",
        "shortHeadline" : "Bus stab suspect 'arrested after chase'",
        "section" : {
          "name" : "UK",
          "uri" : "/news/uk"
        },
        "site" : {
          "name" : "BBC News",
          "code" : "news-v6"
        },
        "mediaType" : "Video"
      } ]
    }, {
      "type" : "see-alsos",
      "items" : [ {
        "summary" : "A man is arrested after a 16-year-old girl was stabbed to death on a rush-hour bus on one of Birmingham's busiest roads.",
        "type" : "STY",
        "lastUpdated" : "2013-03-07T22:05:02+00:00",
        "firstCreated" : "2013-03-07T08:43:23+00:00",
        "hasShortForm" : true,
        "language" : "en-GB",
        "assetUri" : "/news/uk-england-stoke-staffordshire-21697693",
        "headline" : "Birmingham stabbing: Man held over Christina Edkins attack",
        "shortHeadline" : "Man held after fatal bus stabbing",
        "section" : {
          "name" : "Birmingham & Black Country",
          "uri" : "/news/england/birmingham_and_black_country"
        },
        "site" : {
          "name" : "BBC News",
          "code" : "news-v6"
        }
      }, {
        "summary" : "Tributes are paid to a 16-year-old schoolgirl who was stabbed to death on a bus in Birmingham.",
        "type" : "STY",
        "lastUpdated" : "2013-03-07T20:07:44+00:00",
        "firstCreated" : "2013-03-07T18:41:12+00:00",
        "hasShortForm" : true,
        "language" : "en-GB",
        "assetUri" : "/news/uk-england-birmingham-21708079",
        "headline" : "Christina Edkins stab death: Tributes to Birmingham schoolgirl",
        "shortHeadline" : "Friends pay tribute to stabbed girl",
        "section" : {
          "name" : "Birmingham & Black Country",
          "uri" : "/news/england/birmingham_and_black_country"
        },
        "site" : {
          "name" : "BBC News",
          "code" : "news-v6"
        }
      }, {
        "summary" : "A man has been arrested after a 16-year-old girl was stabbed to death on a rush-hour bus on one of Birmingham's busiest roads.",
        "type" : "MAP",
        "lastUpdated" : "2013-03-07T15:19:00+00:00",
        "firstCreated" : "2013-03-07T15:09:21+00:00",
        "hasShortForm" : false,
        "media" : {
          "videos" : {
            "primary" : {
              "66259937" : {
                "duration" : "PT1M16S",
                "available" : true,
                "mimeType" : "application/xml",
                "href" : "http://playlists.bbc.co.uk/news/uk-21705451A/playlist.sxml",
                "externalId" : "p0160mww",
                "caption" : "West Midlands Police gave an update on the arrest",
                "allowOffSiteEmbedding" : false,
                "live" : false,
                "image" : {
                  "height" : 360,
                  "width" : 640,
                  "href" : "http://news.bbcimg.co.uk/media/images/66259000/jpg/_66259939_66259938.jpg",
                  "altText" : "Det Supt Richard Baker"
                }
              }
            }
          }
        },
        "language" : "en-GB",
        "assetUri" : "/news/uk-21705451",
        "headline" : "Birmingham stabbing: Police arrest man over fatal attack",
        "shortHeadline" : "Bus stab suspect 'arrested after chase'",
        "section" : {
          "name" : "UK",
          "uri" : "/news/uk"
        },
        "site" : {
          "name" : "BBC News",
          "code" : "news-v6"
        },
        "mediaType" : "Video"
      } ]
    }, {
      "type" : "related-urls",
      "items" : [ {
        "title" : "West Midlands Police",
        "type" : "LINK",
        "links" : {
          "desktop" : "http://www.west-midlands.police.uk/index.asp",
          "highweb" : "http://www.west-midlands.police.uk/index.asp"
        },
        "assetTypeCode" : "URL"
      } ]
    } ],
    "options" : {
      "allowHeadline" : true,
      "allowDateStamp" : true,
      "allowRelatedStoriesBox" : true,
      "allowRightHandSide" : true,
      "includeComments" : false,
      "allowPrintingSharingLinks" : true,
      "allowAdvertising" : true
    },
    "language" : "en-GB",
    "assetUri" : "/news/uk-england-birmingham-21710567",
    "assetId" : "21710567",
    "headline" : "Christina Edkins bus stabbing: Single stab wound killed teenager",
    "shortHeadline" : "Girl killed on bus was stabbed once",
    "section" : {
      "name" : "Birmingham & Black Country",
      "uri" : "/news/england/birmingham_and_black_country"
    },
    "site" : {
      "name" : "BBC News",
      "code" : "news-v6"
    },
    "iStatsCounterName" : "news.england.birmingham_and_black_country.story.21710567.page"
  } ]
}