{
  "results" : [ {
    "summary" : "A man whose mental health was the subject of warnings is detained for killing schoolgirl Christina Edkins in a random attack on a bus in Birmingham.",
    "type" : "STY",
    "lastUpdated" : "2013-10-02T15:24:05+00:00",
    "firstCreated" : "2013-10-01T18:56:13+00:00",
    "hasShortForm" : true,
    "body" : "<body xmlns=\"http://www.bbc.co.uk/asset\" xml:space=\"preserve\" xml:base=\"http://www.bbc.co.uk/article/636da2d3-7de3-444d-9d90-f6bbb1a7ac22\"><!-- Embedded video --><video media-id=\"70245570\">    <caption>A passenger describes how she tried to help Christina, giving her CPR</caption>  </video><paragraph role=\"introduction\">A man who killed 16-year-old Christina Edkins on a rush-hour bus in Birmingham has been detained indefinitely under the Mental Health Act.</paragraph><paragraph>Phillip Simelane, from Walsall, stabbed the teenager in a random attack as she made her way to school in March.</paragraph><paragraph>He had been released from prison, unsupervised, three months before the attack - despite warning signs over the state of his mental health.</paragraph><paragraph>The 23-year-old admitted manslaughter in a hearing at Birmingham Crown Court.</paragraph><paragraph>Mrs Justice Thirlwell, sentencing Simelane, said it was \"likely to be a life-long order\".</paragraph><paragraph>The judge added: \"It is made for the nature of the offence and necessary to protect the public from serious harm.\" </paragraph><paragraph>She also expressed concern that Simelane had not been receiving treatment at the time of the killing.</paragraph><image id=\"70233108\"/><paragraph>Christina had been travelling to Leasowes High School in Halesowen on the number 9 bus, two weeks after her 16th birthday, when she was attacked. </paragraph><quoteBox><quote><quoteText>The authorities didn't help him... just abandoned him</quoteText><quoteSource title=\"Christina's great uncle\">Chris Melia</quoteSource></quote></quoteBox><paragraph>Simelane, who was sitting behind her on the upper deck, stabbed her in the chest as he walked past to get off.</paragraph><paragraph>He was arrested a few hours after the attack following an extensive manhunt.</paragraph><paragraph>Simelane had previously been in prison for <!-- CPS Asset ID: 24371339 --><link><caption>threatening his own mother</caption><url platform=\"highweb\" href=\"http://www.bbc.co.uk/news/uk-england-birmingham-24358472\"/></link> with a knife. West Midlands Police said they had been called to his mother's address in Walsall about 20 times. </paragraph><paragraph>Seven days after completing a 101-day prison term for the threats, he was convicted for interfering with a vehicle and possessing cocaine. He was released from jail on 13 December.</paragraph><paragraph>But, according to the police, because the crimes were deemed minor offences there was no policy to monitor Simelane after he left jail.</paragraph><!-- Embedded video --><video media-id=\"70236820\">    <caption>Simelane was on the bus for more than two-and-a-half hours</caption>  </video><paragraph>During his time in prison, concerns were raised about his mental health and notes were put on his police file for suicide and self-harming risk, as well as for violence and weapons use.</paragraph><paragraph>Birmingham and Solihull Mental Health NHS Foundation Trust provided psychiatric assessments for Simelane during his prison term.</paragraph><pullOut title=\"Phillip Simelane\" size=\"wide\">  <list type=\"unordered\">    <listItem>He was jailed last year for threatening his mother and had another conviction for violence</listItem>    <listItem>West Midlands Police said it had \"no further contact\" with Simelane between him leaving jail in December and the killing</listItem>    <listItem>Police said he was not under \"any kind of care plan\" after leaving prison</listItem>    <listItem>Simelane was homeless and unemployed at the time of the killing</listItem>    <listItem>He has \"only recently\" been diagnosed with schizophrenia, police said</listItem>    <listItem>Agencies involved in managing him before the attack are now undergoing independent reviews</listItem>  </list><paragraph role=\"link-promotion\"><!-- CPS Asset ID: 24375121 --><link><caption>Girl's killer threatened own mother</caption><url platform=\"highweb\" href=\"24358472 - Girl's killer threatened own mother\"/></link></paragraph></pullOut><paragraph>It said it was conducting an external review, commissioned by Birmingham Cross City Clinical Commissioning Group, on behalf of all agencies involved in treating him.</paragraph><paragraph>In a statement, the trust promised a \"thorough investigation\", adding \"we will seek to learn from and fully implement these findings across the healthcare providers involved\".</paragraph><paragraph>Supt Richard Baker, who led the initial police investigation, said police and prison services were also carrying out reviews to determine what, if anything, could have been done to prevent Christina's death.</paragraph><paragraph>He said: \"It was immediately apparent that Simelane suffered from mental health issues, and to this day we have not been able to interview him about what happened that day.\"</paragraph><paragraph>In court, Simelane entered his plea in front of more than 30 of Christina's friends and family, many wearing purple ribbons - Christina's favourite colour.</paragraph><crosshead>Killer 'abandoned'</crosshead><paragraph>Speaking afterwards, Christina's great uncle Chris Melia said: \"We have no sense of vengeance or revenge. We just want him out of the way and [to] remember Christina.</paragraph><paragraph>\"The authorities didn't help him, [they] just let him out of the prison door and let him go, just abandoned him.</paragraph><paragraph>\"If there had been some help and authority he wouldn't have been on the bus.\"</paragraph><image id=\"70241816\"/><paragraph>Prosecutor Peter Grieves-Smith said CCTV captured Simelane carrying a white plastic bag containing what prosecutors said was a knife, 10in to 12in in length.</paragraph><paragraph>He said within seconds of Christina boarding the bus \"the defendant got up and moved forwards three seats and pulled out the knife, which he then hid\".</paragraph><paragraph>Simelane then walked towards where Christina was sitting, \"leant closer to her\", stabbed her and started to walk off, the court heard.</paragraph><paragraph>\"Such was the nature of the attack, nobody else on the upper deck realised what had happened until Christina reacted,\" Mr Grieves-Smith said.</paragraph><crosshead>Friends lay flowers</crosshead><paragraph>Other passengers on the bus tried to treat and comfort Christina before paramedics arrived within minutes.</paragraph><paragraph>She was stabbed at about 07:30 and was confirmed dead about 30 minutes later.</paragraph><!-- Embedded video --><video media-id=\"70239883\">    <caption>Head teacher Neil Shaw: \"Christina was a hardworking girl, really driven...bright and lively\"</caption>  </video><paragraph>Following her death, friends gathered by Hagley Road in Birmingham to lay flowers in Christina's memory, while many more were left outside her school's gates.</paragraph><paragraph>A memorial garden dedicated to Christina is due to be opened at her former school on Thursday.</paragraph><paragraph>Speaking on behalf of the family, the great uncle said Christina was a \"bright, beautiful girl\" who was looking forward to her school prom and loved sports. </paragraph><paragraph>He added: \"Her headmaster said, 'if a school could choose its pupils it would be full of Christinas'.</paragraph><paragraph>\"Now the family asks the question - when this man was discharged from prison on 13 December 2012, why was the recommendation, made a few weeks earlier by mental health experts, that he be supervised after release whilst adjusting to life back in the community, not followed up?\"</paragraph></body>",
    "shortFormBody" : "<shortFormBody xmlns=\"http://www.bbc.co.uk/asset\" xml:space=\"preserve\" xml:base=\"http://www.bbc.co.uk/article/636da2d3-7de3-444d-9d90-f6bbb1a7ac22\"><paragraph>A man who killed 16-year-old Christina Edkins on a rush-hour bus in Birmingham has been detained indefinitely under the Mental Health Act.</paragraph><paragraph>Phillip Simelane, from Walsall, stabbed the teenager in a random attack as she made her way to school in March.</paragraph><paragraph>He had been released from prison, unsupervised, three months before the attack - despite warning signs over the state of his mental health.</paragraph><paragraph>The 23-year-old admitted manslaughter in a hearing at Birmingham Crown Court.</paragraph></shortFormBody>",
    "media" : {
      "images" : {
        "body" : {
          "51606573" : {
            "height" : 171,
            "width" : 304,
            "href" : "http://news.bbcimg.co.uk/media/images/51606000/jpg/_51606573_fa1d16c0-9c6c-4f82-b0b8-ab66ddd94f78.jpg",
            "altText" : "Breaking news",
            "positionHint" : "body-narrow-width"
          },
          "70241816" : {
            "height" : 168,
            "width" : 224,
            "href" : "http://news.bbcimg.co.uk/media/images/70241000/jpg/_70241816_sim210.jpg",
            "caption" : "Simelane was sitting behind Christina on the upper deck",
            "altText" : "Phillip Simelane"
          },
          "70235519" : {
            "height" : 261,
            "width" : 464,
            "href" : "http://news.bbcimg.co.uk/media/images/70235000/jpg/_70235519_sim210.jpg",
            "altText" : "Phillip Simelane",
            "positionHint" : "body-width"
          },
          "70235521" : {
            "height" : 171,
            "width" : 304,
            "href" : "http://news.bbcimg.co.uk/media/images/70235000/jpg/_70235521_sim210.jpg",
            "altText" : "Phillip Simelane",
            "positionHint" : "body-narrow-width"
          },
          "70235523" : {
            "height" : 299,
            "width" : 224,
            "href" : "http://news.bbcimg.co.uk/media/images/70235000/jpg/_70235523_sim210.jpg",
            "altText" : "Phillip Simelane"
          },
          "66556969" : {
            "height" : 171,
            "width" : 304,
            "href" : "http://news.bbcimg.co.uk/media/images/66556000/jpg/_66556969_christinaedkins-newimage.jpg",
            "caption" : "Christina died from a single stab wound to the chest",
            "altText" : "Christina Edkins",
            "positionHint" : "body-narrow-width"
          },
          "70220968" : {
            "height" : 224,
            "width" : 224,
            "href" : "http://news.bbcimg.co.uk/media/images/70220000/jpg/_70220968_opsundawn-christinaedkinsmurder.jpg",
            "altText" : "Phillip Simelane on bus"
          },
          "70227207" : {
            "height" : 171,
            "width" : 304,
            "href" : "http://news.bbcimg.co.uk/media/images/70227000/jpg/_70227207_philip_simelane_464.jpg",
            "altText" : "Phillip Simelane",
            "positionHint" : "body-narrow-width"
          },
          "70228914" : {
            "height" : 261,
            "width" : 464,
            "href" : "http://news.bbcimg.co.uk/media/images/70228000/jpg/_70228914_christinaedkins-newimage.jpg",
            "caption" : "Christina died from a single stab wound to the chest",
            "altText" : "Christina Edkins",
            "positionHint" : "body-width"
          },
          "70229349" : {
            "height" : 189,
            "width" : 336,
            "href" : "http://news.bbcimg.co.uk/media/images/70229000/jpg/_70229349_tv019178429.jpg",
            "caption" : "Simelane was arrested a short distance from where the stabbing took place following a police search",
            "altText" : "Phillip Simelane under arrest"
          },
          "70228916" : {
            "height" : 351,
            "width" : 624,
            "href" : "http://news.bbcimg.co.uk/media/images/70228000/jpg/_70228916_edkins_640.jpg",
            "caption" : "Christina died from a single stab wound to the chest",
            "altText" : "Christina Edkins",
            "positionHint" : "full-width"
          },
          "70233108" : {
            "height" : 261,
            "width" : 464,
            "href" : "http://news.bbcimg.co.uk/media/images/70233000/jpg/_70233108_simelane_v2_464.jpg",
            "caption" : "Simelane was arrested a short distance from where the stabbing took place following a police search",
            "altText" : "Phillip Simelane under arrest",
            "positionHint" : "body-width"
          }
        },
        "index" : {
          "70226890" : {
            "height" : 261,
            "width" : 464,
            "href" : "http://news.bbcimg.co.uk/media/images/70226000/jpg/_70226890_philip_simelane_464.jpg",
            "altText" : "Phillip Simelane"
          }
        }
      },
      "videos" : {
        "body" : {
          "70245570" : {
            "duration" : "PT2M23S",
            "available" : true,
            "mimeType" : "application/xml",
            "href" : "http://playlists.bbc.co.uk/news/uk-24368051A/playlist.sxml",
            "externalId" : "p01hz8tn",
            "caption" : "A passenger describes how she tried to help Christina, giving her CPR",
            "allowOffSiteEmbedding" : false,
            "live" : false,
            "image" : {
              "height" : 360,
              "width" : 640,
              "href" : "http://news.bbcimg.co.uk/media/images/70230000/jpg/_70230260_70230259.jpg",
              "altText" : "Christina Edkins"
            }
          },
          "70239883" : {
            "duration" : "PT2M51S",
            "available" : true,
            "mimeType" : "application/xml",
            "href" : "http://playlists.bbc.co.uk/news/uk-24374047A/playlist.sxml",
            "externalId" : "p01hyqb5",
            "caption" : "Head teacher Neil Shaw: \"Christina was a hardworking girl, really driven...bright and lively\"",
            "allowOffSiteEmbedding" : false,
            "live" : false,
            "image" : {
              "height" : 360,
              "width" : 640,
              "href" : "http://news.bbcimg.co.uk/media/images/70239000/jpg/_70239804_70239803.jpg",
              "altText" : "Neil Shaw"
            }
          },
          "70236820" : {
            "duration" : "PT18S",
            "available" : true,
            "mimeType" : "application/xml",
            "href" : "http://playlists.bbc.co.uk/news/uk-england-birmingham-24371338A/playlist.sxml",
            "externalId" : "p01hyfwm",
            "caption" : "Simelane was on the bus for more than two-and-a-half hours",
            "guidance" : "This video has no sound",
            "allowOffSiteEmbedding" : false,
            "live" : false,
            "image" : {
              "height" : 360,
              "width" : 640,
              "href" : "http://news.bbcimg.co.uk/media/images/70236000/jpg/_70236866_cctv210.jpg",
              "altText" : "Phillip Simelane on the bus"
            }
          }
        }
      }
    },
    "relatedGroups" : [ {
      "type" : "index",
      "items" : [ {
        "summary" : "A man who stabbed a girl to death on a Birmingham bus had previously been jailed for threatening his own mother with a knife.",
        "type" : "STY",
        "lastUpdated" : "2013-10-02T16:10:28+00:00",
        "firstCreated" : "2013-10-01T17:00:51+00:00",
        "hasShortForm" : false,
        "language" : "en-gb",
        "assetUri" : "/news/uk-england-birmingham-24358472",
        "headline" : "Christina Edkins' killer Phillip Simelane threatened own mother",
        "shortHeadline" : "Girl's killer threatened own mother",
        "section" : {
          "name" : "Birmingham & Black Country",
          "uri" : "/news/england/birmingham_and_black_country"
        },
        "site" : {
          "name" : "BBC News",
          "code" : "news-v6"
        },
        "workerCallingCard" : "NOLAPPS571-6002"
      }, {
        "summary" : "A 23-year-old man has admitted stabbing a teenage girl to death as she travelled to school on a bus in Birmingham in March.",
        "type" : "MAP",
        "lastUpdated" : "2013-10-02T22:44:17+00:00",
        "firstCreated" : "2013-10-02T12:07:12+00:00",
        "hasShortForm" : false,
        "media" : {
          "videos" : {
            "primary" : {
              "70245570" : {
                "duration" : "PT2M23S",
                "available" : true,
                "mimeType" : "application/xml",
                "href" : "http://playlists.bbc.co.uk/news/uk-24368051A/playlist.sxml",
                "externalId" : "p01hz8tn",
                "caption" : "A passenger describes how she tried to help Christina, giving her CPR",
                "allowOffSiteEmbedding" : false,
                "live" : false,
                "image" : {
                  "height" : 360,
                  "width" : 640,
                  "href" : "http://news.bbcimg.co.uk/media/images/70230000/jpg/_70230260_70230259.jpg",
                  "altText" : "Christina Edkins"
                }
              }
            }
          }
        },
        "language" : "en-gb",
        "assetUri" : "/news/uk-24368051",
        "headline" : "Christina Edkins killing: Man detained for bus stabbing",
        "shortHeadline" : "Man detained for random bus killing",
        "section" : {
          "name" : "UK",
          "uri" : "/news/uk"
        },
        "site" : {
          "name" : "BBC News",
          "code" : "news-v6"
        },
        "workerCallingCard" : "NOLAPPS202-6002",
        "mediaType" : "Video"
      }, {
        "summary" : "The head teacher at the school that Christina Edkins attended has said that her death \"rocked the whole community\".",
        "type" : "MAP",
        "lastUpdated" : "2013-10-02T16:35:57+00:00",
        "firstCreated" : "2013-10-02T16:06:16+00:00",
        "hasShortForm" : false,
        "media" : {
          "videos" : {
            "primary" : {
              "70239883" : {
                "duration" : "PT2M51S",
                "available" : true,
                "mimeType" : "application/xml",
                "href" : "http://playlists.bbc.co.uk/news/uk-24374047A/playlist.sxml",
                "externalId" : "p01hyqb5",
                "caption" : "Head teacher Neil Shaw: \"Christina was a hardworking girl, really driven...bright and lively\"",
                "allowOffSiteEmbedding" : false,
                "live" : false,
                "image" : {
                  "height" : 360,
                  "width" : 640,
                  "href" : "http://news.bbcimg.co.uk/media/images/70239000/jpg/_70239804_70239803.jpg",
                  "altText" : "Neil Shaw"
                }
              }
            }
          }
        },
        "language" : "en-gb",
        "assetUri" : "/news/uk-24374047",
        "headline" : "Christina Edkins killing: Head teacher on 'shocking event'",
        "shortHeadline" : "Head teacher's shock at bus killing",
        "section" : {
          "name" : "UK",
          "uri" : "/news/uk"
        },
        "site" : {
          "name" : "BBC News",
          "code" : "news-v6"
        },
        "workerCallingCard" : "NOLAPPS203-6007",
        "mediaType" : "Video"
      }, {
        "summary" : "The mother of a teenager killed in a stabbing in Birmingham calls for more action to combat knife crime, on the day a man admits the manslaughter of another teenager in the city.",
        "type" : "STY",
        "lastUpdated" : "2013-10-02T15:15:37+00:00",
        "firstCreated" : "2013-10-02T07:06:22+00:00",
        "hasShortForm" : false,
        "language" : "en-gb",
        "assetUri" : "/news/uk-england-birmingham-24362176",
        "headline" : "Christina Edkins: Mother of Kyle Sheehan calls for knife crime action",
        "shortHeadline" : "Mother calls for knife crime action",
        "section" : {
          "name" : "Birmingham & Black Country",
          "uri" : "/news/england/birmingham_and_black_country"
        },
        "site" : {
          "name" : "BBC News",
          "code" : "news-v6"
        },
        "workerCallingCard" : "nolapps593-6006"
      }, {
        "summary" : "How children traumatised by the murder of a 16-year-old stabbed on a bus were helped by channelling their memories into producing a magazine.",
        "type" : "STY",
        "lastUpdated" : "2013-10-02T13:44:02+00:00",
        "firstCreated" : "2013-09-05T15:56:35+00:00",
        "hasShortForm" : false,
        "language" : "en-gb",
        "assetUri" : "/news/uk-england-birmingham-23975865",
        "headline" : "Christina Edkins: How pupils were helped to deal with her murder",
        "shortHeadline" : "Channelling memories positively",
        "section" : {
          "name" : "Birmingham & Black Country",
          "uri" : "/news/england/birmingham_and_black_country"
        },
        "site" : {
          "name" : "BBC News",
          "code" : "news-v6"
        },
        "workerCallingCard" : "NOLAPPS571-6007"
      } ]
    }, {
      "type" : "see-alsos",
      "items" : [ {
        "summary" : "A man who stabbed a girl to death on a Birmingham bus had previously been jailed for threatening his own mother with a knife.",
        "type" : "STY",
        "lastUpdated" : "2013-10-02T16:10:28+00:00",
        "firstCreated" : "2013-10-01T17:00:51+00:00",
        "hasShortForm" : false,
        "language" : "en-gb",
        "assetUri" : "/news/uk-england-birmingham-24358472",
        "headline" : "Christina Edkins' killer Phillip Simelane threatened own mother",
        "shortHeadline" : "Girl's killer threatened own mother",
        "section" : {
          "name" : "Birmingham & Black Country",
          "uri" : "/news/england/birmingham_and_black_country"
        },
        "site" : {
          "name" : "BBC News",
          "code" : "news-v6"
        },
        "workerCallingCard" : "NOLAPPS571-6002"
      }, {
        "summary" : "The mother of a teenager killed in a stabbing in Birmingham calls for more action to combat knife crime, on the day a man admits the manslaughter of another teenager in the city.",
        "type" : "STY",
        "lastUpdated" : "2013-10-02T15:15:37+00:00",
        "firstCreated" : "2013-10-02T07:06:22+00:00",
        "hasShortForm" : false,
        "language" : "en-gb",
        "assetUri" : "/news/uk-england-birmingham-24362176",
        "headline" : "Christina Edkins: Mother of Kyle Sheehan calls for knife crime action",
        "shortHeadline" : "Mother calls for knife crime action",
        "section" : {
          "name" : "Birmingham & Black Country",
          "uri" : "/news/england/birmingham_and_black_country"
        },
        "site" : {
          "name" : "BBC News",
          "code" : "news-v6"
        },
        "workerCallingCard" : "nolapps593-6006"
      }, {
        "summary" : "The head teacher at the school that Christina Edkins attended has said that her death \"rocked the whole community\".",
        "type" : "MAP",
        "lastUpdated" : "2013-10-02T16:35:57+00:00",
        "firstCreated" : "2013-10-02T16:06:16+00:00",
        "hasShortForm" : false,
        "media" : {
          "videos" : {
            "primary" : {
              "70239883" : {
                "duration" : "PT2M51S",
                "available" : true,
                "mimeType" : "application/xml",
                "href" : "http://playlists.bbc.co.uk/news/uk-24374047A/playlist.sxml",
                "externalId" : "p01hyqb5",
                "caption" : "Head teacher Neil Shaw: \"Christina was a hardworking girl, really driven...bright and lively\"",
                "allowOffSiteEmbedding" : false,
                "live" : false,
                "image" : {
                  "height" : 360,
                  "width" : 640,
                  "href" : "http://news.bbcimg.co.uk/media/images/70239000/jpg/_70239804_70239803.jpg",
                  "altText" : "Neil Shaw"
                }
              }
            }
          }
        },
        "language" : "en-gb",
        "assetUri" : "/news/uk-24374047",
        "headline" : "Christina Edkins killing: Head teacher on 'shocking event'",
        "shortHeadline" : "Head teacher's shock at bus killing",
        "overtypedHeadline" : "Teacher's shock at bus killing",
        "section" : {
          "name" : "UK",
          "uri" : "/news/uk"
        },
        "site" : {
          "name" : "BBC News",
          "code" : "news-v6"
        },
        "workerCallingCard" : "NOLAPPS203-6007",
        "mediaType" : "Video"
      }, {
        "summary" : "A garden in memory of a teenage girl who was stabbed to death on a bus is to be opened in October.",
        "type" : "STY",
        "lastUpdated" : "2013-09-17T13:20:14+00:00",
        "firstCreated" : "2013-09-17T10:23:58+00:00",
        "hasShortForm" : true,
        "language" : "en-gb",
        "assetUri" : "/news/uk-england-birmingham-24125080",
        "headline" : "Christina Edkins: Memorial garden for bus stab victim",
        "shortHeadline" : "Memorial garden for stabbed teenager",
        "section" : {
          "name" : "Birmingham & Black Country",
          "uri" : "/news/england/birmingham_and_black_country"
        },
        "site" : {
          "name" : "BBC News",
          "code" : "news-v6"
        },
        "workerCallingCard" : "NOLAPPS571-6002"
      }, {
        "summary" : "A primary school is fundraising for a memorial award in honour of a 16-year-old girl who was fatally stabbed on a bus in Birmingham.",
        "type" : "STY",
        "lastUpdated" : "2013-07-22T08:11:33+00:00",
        "firstCreated" : "2013-07-22T06:25:01+00:00",
        "hasShortForm" : true,
        "language" : "en-gb",
        "assetUri" : "/news/uk-england-birmingham-23402388",
        "headline" : "Bus stab victim Christina Edkins honoured in sport award",
        "shortHeadline" : "School honour for bus stabbing girl",
        "section" : {
          "name" : "Birmingham & Black Country",
          "uri" : "/news/england/birmingham_and_black_country"
        },
        "site" : {
          "name" : "BBC News",
          "code" : "news-v6"
        }
      }, {
        "summary" : "The community is still in shock following the fatal stabbing of schoolgirl Christina Edkins on a Birmingham bus, a vicar says.",
        "type" : "STY",
        "lastUpdated" : "2013-03-10T11:56:53+00:00",
        "firstCreated" : "2013-03-10T10:17:52+00:00",
        "hasShortForm" : true,
        "language" : "en-GB",
        "assetUri" : "/news/uk-england-21732982",
        "headline" : "Christina Edkins stabbing: Community 'still in shock'",
        "shortHeadline" : "Community 'in shock' after stabbing",
        "section" : {
          "name" : "England",
          "uri" : "/news/england"
        },
        "site" : {
          "name" : "BBC News",
          "code" : "news-v6"
        }
      }, {
        "summary" : "Tributes are paid to a 16-year-old schoolgirl who was stabbed to death on a bus in Birmingham.",
        "type" : "STY",
        "lastUpdated" : "2013-03-07T20:07:44+00:00",
        "firstCreated" : "2013-03-07T18:41:12+00:00",
        "hasShortForm" : true,
        "language" : "en-GB",
        "assetUri" : "/news/uk-england-birmingham-21708079",
        "headline" : "Christina Edkins stab death: Tributes to Birmingham schoolgirl",
        "shortHeadline" : "Friends pay tribute to stabbed girl",
        "section" : {
          "name" : "Birmingham & Black Country",
          "uri" : "/news/england/birmingham_and_black_country"
        },
        "site" : {
          "name" : "BBC News",
          "code" : "news-v6"
        }
      }, {
        "summary" : "How children traumatised by the murder of a 16-year-old stabbed on a bus were helped by channelling their memories into producing a magazine.",
        "type" : "STY",
        "lastUpdated" : "2013-10-02T13:44:02+00:00",
        "firstCreated" : "2013-09-05T15:56:35+00:00",
        "hasShortForm" : false,
        "language" : "en-gb",
        "assetUri" : "/news/uk-england-birmingham-23975865",
        "headline" : "Christina Edkins: How pupils were helped to deal with her murder",
        "shortHeadline" : "Channelling memories positively",
        "section" : {
          "name" : "Birmingham & Black Country",
          "uri" : "/news/england/birmingham_and_black_country"
        },
        "site" : {
          "name" : "BBC News",
          "code" : "news-v6"
        },
        "workerCallingCard" : "NOLAPPS571-6007"
      } ]
    }, {
      "type" : "related-urls",
      "items" : [ {
        "title" : "HM Courts Service",
        "type" : "LINK",
        "links" : {
          "desktop" : "http://www.justice.gov.uk/about/hmcts",
          "highweb" : "http://www.justice.gov.uk/about/hmcts"
        },
        "assetTypeCode" : "URL"
      } ]
    } ],
    "options" : {
      "allowHeadline" : true,
      "allowDateStamp" : true,
      "allowRelatedStoriesBox" : true,
      "allowRightHandSide" : true,
      "includeComments" : false,
      "allowPrintingSharingLinks" : true,
      "allowAdvertising" : true
    },
    "language" : "en-gb",
    "assetUri" : "/news/uk-england-birmingham-24358473",
    "assetId" : "24358473",
    "headline" : "Christina Edkins killing: Phillip Simelane detained",
    "shortHeadline" : "Man detained for random bus killing",
    "section" : {
      "name" : "Birmingham & Black Country",
      "uri" : "/news/england/birmingham_and_black_country"
    },
    "site" : {
      "name" : "BBC News",
      "code" : "news-v6"
    },
    "workerCallingCard" : "nolapps593-6006",
    "iStatsCounterName" : "news.england.birmingham_and_black_country.story.24358473.page"
  } ]
}