{
  "results" : [ {
    "summary" : "The community is still in shock following the fatal stabbing of schoolgirl Christina Edkins on a Birmingham bus, a vicar says.",
    "type" : "STY",
    "lastUpdated" : "2013-03-10T11:56:53+00:00",
    "firstCreated" : "2013-03-10T10:17:52+00:00",
    "hasShortForm" : true,
    "body" : "<body xmlns=\"http://www.bbc.co.uk/asset\" xml:space=\"preserve\" xml:base=\"http://www.bbc.co.uk/article/3869c707-f37b-5549-a416-d991ee107d1b\"><image id=\"66252167\"/><paragraph role=\"introduction\">The fatal stabbing of schoolgirl Christina Edkins on a bus in Birmingham has left the community in shock, a vicar has said.</paragraph><paragraph>The 16-year-old was stabbed on a bus in Hagley Road on Thursday, while on her way to school in Halesowen.</paragraph><paragraph>A 22-year-old man arrested on suspicion of fatally stabbing Christina has been sectioned under the Mental Health Act.</paragraph><paragraph>The Reverend Mike Rutter, whose church is near Christina's school, said people were thinking of her and her family.</paragraph><paragraph>St Peter's Church in Lapal has opened a book of condolence and Mr Rutter has held prayers remembering the girl, who attended nearby Leasowes High School.</paragraph><paragraph>Similar prayers were said at the Birmingham Christian Centre, close to the family home, where the Reverend Mark Ryan urged the community to stick together.</paragraph><crosshead>Single stab wound</crosshead><paragraph>Mr Rutter said: \"Most people are thinking about Christina's family and her friends and thinking about the school and how the school are dealing with this.</paragraph><!-- Embedded video --><video media-id=\"66307845\">    <caption>The Reverend Mark Ryan called for the community to stick together</caption>  </video><paragraph>\"The people I've spoken to are really just expressing shock.</paragraph><paragraph>\"I would invite anyone who feels that they need the space to come along to St Peter's but I'd also invite people to think where it might be more appropriate, by the school or on the number 9 bus route, but we're certainly a place for people to come.\"</paragraph><paragraph>More floral tributes have been left near the scene in Hagley Road over the weekend as friends continue to pay their respects.</paragraph><paragraph>A post mortem examination revealed Christina died from a single stab wound to the chest.</paragraph><paragraph>West Midlands Police said the 22-year-old suspect was not previously known to mental health units in the area and had no known link to the teenager.</paragraph><paragraph>He was assessed by mental health professionals on Friday who deemed him unfit to be interviewed any further by detectives. </paragraph></body>",
    "shortFormBody" : "<shortFormBody xmlns=\"http://www.bbc.co.uk/asset\" xml:space=\"preserve\" xml:base=\"http://www.bbc.co.uk/article/3869c707-f37b-5549-a416-d991ee107d1b\"><paragraph>The fatal stabbing of schoolgirl Christina Edkins on a bus in Birmingham has left the community in shock, a vicar has said. </paragraph><paragraph>The 16-year-old was stabbed on a bus in Hagley Road on Thursday, while on her way to school in Halesowen. </paragraph><paragraph>A 22-year-old man arrested on suspicion of fatally stabbing Christina has been sectioned under the Mental Health Act. </paragraph><paragraph>The Reverend Mike Rutter, whose church is near Christina's school, said people were thinking of her and her family. </paragraph></shortFormBody>",
    "media" : {
      "images" : {
        "body" : {
          "66252167" : {
            "height" : 171,
            "width" : 304,
            "href" : "http://news.bbcimg.co.uk/media/images/66252000/png/_66252167_40201337-1253-1.png",
            "caption" : "Christina died from a single stab wound to the chest",
            "altText" : "Christina Edkins",
            "positionHint" : "body-narrow-width"
          },
          "66305182" : {
            "height" : 171,
            "width" : 304,
            "href" : "http://news.bbcimg.co.uk/media/images/66305000/jpg/_66305182_jex_8702_de52.jpg",
            "caption" : "Friends laid more floral tributes on Hagley Road on Saturday",
            "altText" : "Floral tributes are laid for Christina Edkins",
            "positionHint" : "body-narrow-width"
          }
        },
        "index" : {
          "66252169" : {
            "height" : 261,
            "width" : 464,
            "href" : "http://news.bbcimg.co.uk/media/images/66252000/jpg/_66252169_66252168.jpg",
            "altText" : "Christina Edkins"
          }
        }
      },
      "videos" : {
        "body" : {
          "66307845" : {
            "duration" : "PT24S",
            "available" : true,
            "mimeType" : "application/xml",
            "href" : "http://playlists.bbc.co.uk/news/uk-england-21734817A/playlist.sxml",
            "externalId" : "p0164d9y",
            "caption" : "The Reverend Mark Ryan called for the community to stick together",
            "allowOffSiteEmbedding" : false,
            "live" : false,
            "image" : {
              "height" : 360,
              "width" : 640,
              "href" : "http://news.bbcimg.co.uk/media/images/66307000/jpg/_66307607_jex_8707_de42.jpg",
              "altText" : "The Reverend Mark Ryan"
            }
          }
        }
      }
    },
    "relatedGroups" : [ {
      "type" : "index",
      "items" : [ {
        "summary" : "Prayers have been said at at the Birmingham Christian Centre, close to the family home of bus stab victim schoolgirl Christina Edkins.",
        "type" : "MAP",
        "lastUpdated" : "2013-03-10T16:32:14+00:00",
        "firstCreated" : "2013-03-10T16:05:27+00:00",
        "hasShortForm" : false,
        "media" : {
          "videos" : {
            "primary" : {
              "66307845" : {
                "duration" : "PT24S",
                "available" : true,
                "mimeType" : "application/xml",
                "href" : "http://playlists.bbc.co.uk/news/uk-england-21734817A/playlist.sxml",
                "externalId" : "p0164d9y",
                "caption" : "The Reverend Mark Ryan called for the community to stick together",
                "allowOffSiteEmbedding" : false,
                "live" : false,
                "image" : {
                  "height" : 360,
                  "width" : 640,
                  "href" : "http://news.bbcimg.co.uk/media/images/66307000/jpg/_66307607_jex_8707_de42.jpg",
                  "altText" : "The Reverend Mark Ryan"
                }
              }
            }
          }
        },
        "language" : "en-GB",
        "assetUri" : "/news/uk-england-21734817",
        "headline" : "Christina Edkins stabbing: Prayers remember schoolgirl",
        "shortHeadline" : "Prayers are said for stab victim",
        "section" : {
          "name" : "England",
          "uri" : "/news/england"
        },
        "site" : {
          "name" : "BBC News",
          "code" : "news-v6"
        },
        "mediaType" : "Video"
      }, {
        "summary" : "A 22-year-old man arrested on suspicion of fatally stabbing 16-year-old Christina Edkins in Birmingham is sectioned under the Mental Health Act.",
        "type" : "STY",
        "lastUpdated" : "2013-03-08T18:46:11+00:00",
        "firstCreated" : "2013-03-08T18:08:09+00:00",
        "hasShortForm" : true,
        "language" : "en-GB",
        "assetUri" : "/news/uk-england-21718547",
        "headline" : "Christina Edkins bus stabbing: Arrested man sectioned",
        "shortHeadline" : "Bus stabbing suspect sectioned",
        "section" : {
          "name" : "England",
          "uri" : "/news/england"
        },
        "site" : {
          "name" : "BBC News",
          "code" : "news-v6"
        }
      }, {
        "summary" : "A 16-year-old girl who was attacked on rush-hour bus in Birmingham died from a single stab wound to the chest, post-mortem tests reveal.",
        "type" : "STY",
        "lastUpdated" : "2013-03-08T14:57:08+00:00",
        "firstCreated" : "2013-03-08T04:06:24+00:00",
        "hasShortForm" : true,
        "language" : "en-GB",
        "assetUri" : "/news/uk-england-birmingham-21710567",
        "headline" : "Christina Edkins bus stabbing: Single stab wound killed teenager",
        "shortHeadline" : "Girl killed on bus was stabbed once",
        "section" : {
          "name" : "Birmingham & Black Country",
          "uri" : "/news/england/birmingham_and_black_country"
        },
        "site" : {
          "name" : "BBC News",
          "code" : "news-v6"
        }
      }, {
        "summary" : "Tributes are paid to a 16-year-old schoolgirl who was stabbed to death on a bus in Birmingham.",
        "type" : "STY",
        "lastUpdated" : "2013-03-07T20:07:44+00:00",
        "firstCreated" : "2013-03-07T18:41:12+00:00",
        "hasShortForm" : true,
        "language" : "en-GB",
        "assetUri" : "/news/uk-england-birmingham-21708079",
        "headline" : "Christina Edkins stab death: Tributes to Birmingham schoolgirl",
        "shortHeadline" : "Friends pay tribute to stabbed girl",
        "section" : {
          "name" : "Birmingham & Black Country",
          "uri" : "/news/england/birmingham_and_black_country"
        },
        "site" : {
          "name" : "BBC News",
          "code" : "news-v6"
        }
      }, {
        "summary" : "A man is arrested after a 16-year-old girl was stabbed to death on a rush-hour bus on one of Birmingham's busiest roads.",
        "type" : "STY",
        "lastUpdated" : "2013-03-07T22:05:02+00:00",
        "firstCreated" : "2013-03-07T08:43:23+00:00",
        "hasShortForm" : true,
        "language" : "en-GB",
        "assetUri" : "/news/uk-england-stoke-staffordshire-21697693",
        "headline" : "Birmingham stabbing: Man held over Christina Edkins attack",
        "shortHeadline" : "Man held after fatal bus stabbing",
        "section" : {
          "name" : "Birmingham & Black Country",
          "uri" : "/news/england/birmingham_and_black_country"
        },
        "site" : {
          "name" : "BBC News",
          "code" : "news-v6"
        }
      } ]
    }, {
      "type" : "see-alsos",
      "items" : [ {
        "summary" : "A 22-year-old man arrested on suspicion of fatally stabbing 16-year-old Christina Edkins in Birmingham is sectioned under the Mental Health Act.",
        "type" : "STY",
        "lastUpdated" : "2013-03-08T18:46:11+00:00",
        "firstCreated" : "2013-03-08T18:08:09+00:00",
        "hasShortForm" : true,
        "language" : "en-GB",
        "assetUri" : "/news/uk-england-21718547",
        "headline" : "Christina Edkins bus stabbing: Arrested man sectioned",
        "shortHeadline" : "Bus stabbing suspect sectioned",
        "section" : {
          "name" : "England",
          "uri" : "/news/england"
        },
        "site" : {
          "name" : "BBC News",
          "code" : "news-v6"
        }
      }, {
        "summary" : "A 16-year-old girl who was attacked on rush-hour bus in Birmingham died from a single stab wound to the chest, post-mortem tests reveal.",
        "type" : "STY",
        "lastUpdated" : "2013-03-08T14:57:08+00:00",
        "firstCreated" : "2013-03-08T04:06:24+00:00",
        "hasShortForm" : true,
        "language" : "en-GB",
        "assetUri" : "/news/uk-england-birmingham-21710567",
        "headline" : "Christina Edkins bus stabbing: Single stab wound killed teenager",
        "shortHeadline" : "Girl killed on bus was stabbed once",
        "section" : {
          "name" : "Birmingham & Black Country",
          "uri" : "/news/england/birmingham_and_black_country"
        },
        "site" : {
          "name" : "BBC News",
          "code" : "news-v6"
        }
      }, {
        "summary" : "Tributes are paid to a 16-year-old schoolgirl who was stabbed to death on a bus in Birmingham.",
        "type" : "STY",
        "lastUpdated" : "2013-03-07T20:07:44+00:00",
        "firstCreated" : "2013-03-07T18:41:12+00:00",
        "hasShortForm" : true,
        "language" : "en-GB",
        "assetUri" : "/news/uk-england-birmingham-21708079",
        "headline" : "Christina Edkins stab death: Tributes to Birmingham schoolgirl",
        "shortHeadline" : "Friends pay tribute to stabbed girl",
        "section" : {
          "name" : "Birmingham & Black Country",
          "uri" : "/news/england/birmingham_and_black_country"
        },
        "site" : {
          "name" : "BBC News",
          "code" : "news-v6"
        }
      }, {
        "summary" : "A man is arrested after a 16-year-old girl was stabbed to death on a rush-hour bus on one of Birmingham's busiest roads.",
        "type" : "STY",
        "lastUpdated" : "2013-03-07T22:05:02+00:00",
        "firstCreated" : "2013-03-07T08:43:23+00:00",
        "hasShortForm" : true,
        "language" : "en-GB",
        "assetUri" : "/news/uk-england-stoke-staffordshire-21697693",
        "headline" : "Birmingham stabbing: Man held over Christina Edkins attack",
        "shortHeadline" : "Man held after fatal bus stabbing",
        "section" : {
          "name" : "Birmingham & Black Country",
          "uri" : "/news/england/birmingham_and_black_country"
        },
        "site" : {
          "name" : "BBC News",
          "code" : "news-v6"
        }
      } ]
    }, {
      "type" : "related-urls",
      "items" : [ {
        "title" : "West Midlands Police",
        "type" : "LINK",
        "links" : {
          "desktop" : "http://www.west-midlands.police.uk",
          "highweb" : "http://www.west-midlands.police.uk"
        },
        "assetTypeCode" : "URL"
      } ]
    } ],
    "options" : {
      "allowHeadline" : true,
      "allowDateStamp" : true,
      "allowRelatedStoriesBox" : true,
      "allowRightHandSide" : true,
      "includeComments" : false,
      "allowPrintingSharingLinks" : true,
      "allowAdvertising" : true
    },
    "language" : "en-GB",
    "assetUri" : "/news/uk-england-21732982",
    "assetId" : "21732982",
    "headline" : "Christina Edkins stabbing: Community 'still in shock'",
    "shortHeadline" : "Community 'in shock' after stabbing",
    "section" : {
      "name" : "England",
      "uri" : "/news/england"
    },
    "site" : {
      "name" : "BBC News",
      "code" : "news-v6"
    },
    "iStatsCounterName" : "news.england.story.21732982.page"
  } ]
}