{
  "results" : [ {
    "summary" : "A husband admits slitting the throat of his estranged wife at the family home after she asked for a divorce.",
    "type" : "STY",
    "lastUpdated" : "2013-05-03T15:45:21+00:00",
    "firstCreated" : "2013-05-03T12:37:48+00:00",
    "hasShortForm" : true,
    "body" : "<body xmlns=\"http://www.bbc.co.uk/asset\" xml:space=\"preserve\" xml:base=\"http://www.bbc.co.uk/article/53b011f7-3b98-ee40-b452-8bb8c731a483\"><paragraph role=\"introduction\">A husband has admitted murdering his estranged wife by cutting her throat after she asked for a divorce.</paragraph><paragraph>Shoukat Ali, 38, broke into the house in Farndon Road, Alum Rock, Birmingham where his wife lived with three of her five children.</paragraph><paragraph>Shaista Khatoon, 33, died in hospital after she was found collapsed at the property on 19 November.</paragraph><paragraph>Prosecutors described it as an \"extremely tragic case\" and a \"brutal\" killing.</paragraph><paragraph>Claire Nicholls, from West Midlands Crown Prosecution Service, said Ali was unable to accept his wife wanted a divorce.</paragraph><crosshead>'Angry and upset'</crosshead><paragraph>She said since their separation, he had launched a campaign of harassment and threats against his wife and their children.</paragraph><paragraph>Two days before the attack, Ali had received a divorce letter through the Islamic Court. </paragraph><paragraph>Ms Nicholls said: \"Angry and upset with this, he broke into the family home and confronted the victim. </paragraph><paragraph>\"Fearing for her safety, Mrs Khatoon tried to call her sister and the police, but Ali terminated the calls.\"</paragraph><paragraph>She said concerned family members then called the police, who arrived at the house to find Mrs Khatoon \"lying in a pool of blood in the living room\".</paragraph></body>",
    "shortFormBody" : "<shortFormBody xmlns=\"http://www.bbc.co.uk/asset\" xml:space=\"preserve\" xml:base=\"http://www.bbc.co.uk/article/53b011f7-3b98-ee40-b452-8bb8c731a483\"><paragraph>A husband has admitted murdering his estranged wife by cutting her throat after she asked for a divorce.</paragraph><paragraph>Shoukat Ali, 38, broke into the house in Farndon Road, Alum Rock, Birmingham where his wife lived with three of her five children.</paragraph><paragraph>Shaista Khatoon, 33, died in hospital after she was found collapsed at the property on 19 November.</paragraph><paragraph>Prosecutors described it as an \"extremely tragic case\" and a \"brutal\" killing.</paragraph></shortFormBody>",
    "media" : {
      "images" : {
        "index" : {
          "58798259" : {
            "height" : 261,
            "width" : 464,
            "href" : "http://news.bbcimg.co.uk/media/images/58798000/jpg/_58798259_police-tape.jpg",
            "altText" : "Generic police tape"
          }
        }
      }
    },
    "relatedGroups" : [ {
      "type" : "related-urls",
      "items" : [ {
        "title" : "HM Courts & Tribunals Service",
        "type" : "LINK",
        "links" : {
          "desktop" : "http://www.justice.gov.uk/about/hmcts/",
          "highweb" : "http://www.justice.gov.uk/about/hmcts/"
        },
        "assetTypeCode" : "URL"
      } ]
    } ],
    "options" : {
      "allowHeadline" : true,
      "allowDateStamp" : true,
      "allowRelatedStoriesBox" : true,
      "allowRightHandSide" : true,
      "includeComments" : false,
      "allowPrintingSharingLinks" : true,
      "allowAdvertising" : true
    },
    "language" : "en-GB",
    "assetUri" : "/news/uk-england-birmingham-22397345",
    "assetId" : "22397345",
    "headline" : "Shoukat Ali murdered wife Shaista Khatoon over divorce",
    "shortHeadline" : "Wife murdered over divorce request",
    "section" : {
      "name" : "Birmingham & Black Country",
      "uri" : "/news/england/birmingham_and_black_country"
    },
    "site" : {
      "name" : "BBC News",
      "code" : "news-v6"
    },
    "iStatsCounterName" : "news.england.birmingham_and_black_country.story.22397345.page"
  } ]
}