{
  "results" : [ {
    "summary" : "How children traumatised by the murder of a 16-year-old stabbed on a bus were helped by channelling their memories into producing a magazine.",
    "type" : "STY",
    "lastUpdated" : "2013-10-02T13:44:02+00:00",
    "firstCreated" : "2013-09-05T15:56:35+00:00",
    "hasShortForm" : false,
    "body" : "<body xmlns=\"http://www.bbc.co.uk/asset\" xml:space=\"preserve\" xml:base=\"http://www.bbc.co.uk/article/6a659253-9cf6-e048-a44f-841194a7e39e\"><image id=\"66556969\"/><paragraph role=\"introduction\">The murder of 16-year-old Christina Edkins, stabbed while on her way to school in the West Midlands, shocked her friends and acquaintances.</paragraph><paragraph>Christina was attacked on a bus on Birmingham's Hagley Road as she travelled to Leasowes High School in Halesowen in March.</paragraph><paragraph>Pupils at the schools she had attended found different ways of dealing with their grief, including fundraising and tributes on social media.</paragraph><paragraph>Pupils at two Catholic primary schools, one of which Christina attended, were encouraged to produce a magazine celebrating \"youth and children's young experiences\".</paragraph><paragraph>Lorraine Sergeant, the mentor at St Patrick's Catholic Primary School in Ladywood, said this helped the children \"channel their memories [of Christina] in a positive way\".</paragraph><paragraph>\"Even though this was a very sad event, this was a way to show the children that it was not wrong to talk about someone who's gone,\" she added.</paragraph><crosshead>Memorial trophy</crosshead><paragraph>St Edmund's Catholic Primary School, which Christina attended, is a sister school to St Patrick's, with shared staff and activities.</paragraph><paragraph>Ms Sergeant said as there were so many children who had been upset by Christina's murder, producing the magazine was the best way to deal with the children's feelings.</paragraph><image id=\"68879182\"/><paragraph>\"It has helped them come to terms with it - during any counselling with any children who have suffered a bereavement we encourage them to think about the cycle of life.\"</paragraph><paragraph>She said that parents were still able to refer their child for extra sessions of counselling if they felt it would help.</paragraph><paragraph>The magazine the pupils produced was sold, raising £95. </paragraph><paragraph>At the request of Christina's family the money will be used for a trophy to be given each year to a child who has made an outstanding achievement in sport.</paragraph><paragraph>A trophy will be presented each July for 16 years - the number of years that Christina lived.</paragraph></body>",
    "media" : {
      "images" : {
        "body" : {
          "66556969" : {
            "height" : 171,
            "width" : 304,
            "href" : "http://news.bbcimg.co.uk/media/images/66556000/jpg/_66556969_christinaedkins-newimage.jpg",
            "caption" : "Christina died from a single stab wound to the chest",
            "altText" : "Christina Edkins",
            "positionHint" : "body-narrow-width"
          },
          "68879182" : {
            "height" : 299,
            "width" : 224,
            "href" : "http://news.bbcimg.co.uk/media/images/68879000/jpg/_68879182_68879181.jpg",
            "caption" : "The specially-made magazines were sold for £1 each",
            "altText" : "School magazine cover"
          }
        },
        "index" : {
          "70247917" : {
            "height" : 261,
            "width" : 464,
            "href" : "http://news.bbcimg.co.uk/media/images/70247000/jpg/_70247917_edkins_index_new.jpg",
            "altText" : "Christina Edkins"
          }
        }
      }
    },
    "relatedGroups" : [ {
      "type" : "index",
      "items" : [ {
        "summary" : "A primary school is fundraising for a memorial award in honour of a 16-year-old girl who was fatally stabbed on a bus in Birmingham.",
        "type" : "STY",
        "lastUpdated" : "2013-07-22T08:11:33+00:00",
        "firstCreated" : "2013-07-22T06:25:01+00:00",
        "hasShortForm" : true,
        "language" : "en-gb",
        "assetUri" : "/news/uk-england-birmingham-23402388",
        "headline" : "Bus stab victim Christina Edkins honoured in sport award",
        "shortHeadline" : "School honour for bus stabbing girl",
        "section" : {
          "name" : "Birmingham & Black Country",
          "uri" : "/news/england/birmingham_and_black_country"
        },
        "site" : {
          "name" : "BBC News",
          "code" : "news-v6"
        }
      }, {
        "summary" : "Tributes are paid to a 16-year-old schoolgirl who was stabbed to death on a bus in Birmingham.",
        "type" : "STY",
        "lastUpdated" : "2013-03-07T20:07:44+00:00",
        "firstCreated" : "2013-03-07T18:41:12+00:00",
        "hasShortForm" : true,
        "language" : "en-GB",
        "assetUri" : "/news/uk-england-birmingham-21708079",
        "headline" : "Christina Edkins stab death: Tributes to Birmingham schoolgirl",
        "shortHeadline" : "Friends pay tribute to stabbed girl",
        "section" : {
          "name" : "Birmingham & Black Country",
          "uri" : "/news/england/birmingham_and_black_country"
        },
        "site" : {
          "name" : "BBC News",
          "code" : "news-v6"
        }
      } ]
    }, {
      "type" : "see-alsos",
      "items" : [ {
        "summary" : "A primary school is fundraising for a memorial award in honour of a 16-year-old girl who was fatally stabbed on a bus in Birmingham.",
        "type" : "STY",
        "lastUpdated" : "2013-07-22T08:11:33+00:00",
        "firstCreated" : "2013-07-22T06:25:01+00:00",
        "hasShortForm" : true,
        "language" : "en-gb",
        "assetUri" : "/news/uk-england-birmingham-23402388",
        "headline" : "Bus stab victim Christina Edkins honoured in sport award",
        "shortHeadline" : "School honour for bus stabbing girl",
        "section" : {
          "name" : "Birmingham & Black Country",
          "uri" : "/news/england/birmingham_and_black_country"
        },
        "site" : {
          "name" : "BBC News",
          "code" : "news-v6"
        }
      }, {
        "summary" : "Tributes are paid to a 16-year-old schoolgirl who was stabbed to death on a bus in Birmingham.",
        "type" : "STY",
        "lastUpdated" : "2013-03-07T20:07:44+00:00",
        "firstCreated" : "2013-03-07T18:41:12+00:00",
        "hasShortForm" : true,
        "language" : "en-GB",
        "assetUri" : "/news/uk-england-birmingham-21708079",
        "headline" : "Christina Edkins stab death: Tributes to Birmingham schoolgirl",
        "shortHeadline" : "Friends pay tribute to stabbed girl",
        "section" : {
          "name" : "Birmingham & Black Country",
          "uri" : "/news/england/birmingham_and_black_country"
        },
        "site" : {
          "name" : "BBC News",
          "code" : "news-v6"
        }
      } ]
    }, {
      "type" : "related-urls",
      "items" : [ {
        "title" : "St. Patrick's & St. Edmund's Catholic Primary Schools",
        "type" : "LINK",
        "links" : {
          "desktop" : "http://www1.hays.co.uk/jobs/stpatrickstedmund/",
          "highweb" : "http://www1.hays.co.uk/jobs/stpatrickstedmund/"
        },
        "assetTypeCode" : "URL"
      } ]
    } ],
    "options" : {
      "allowHeadline" : true,
      "allowDateStamp" : true,
      "allowRelatedStoriesBox" : true,
      "allowRightHandSide" : true,
      "includeComments" : false,
      "allowPrintingSharingLinks" : true,
      "allowAdvertising" : true
    },
    "language" : "en-gb",
    "assetUri" : "/news/uk-england-birmingham-23975865",
    "assetId" : "23975865",
    "headline" : "Christina Edkins: How pupils were helped to deal with her murder",
    "shortHeadline" : "Channelling memories positively",
    "section" : {
      "name" : "Birmingham & Black Country",
      "uri" : "/news/england/birmingham_and_black_country"
    },
    "site" : {
      "name" : "BBC News",
      "code" : "news-v6"
    },
    "workerCallingCard" : "NOLAPPS571-6007",
    "iStatsCounterName" : "news.england.birmingham_and_black_country.story.23975865.page"
  } ]
}