{
  "results" : [ {
    "summary" : "Passengers on the lower deck of a bus where a girl was stabbed to death heard screaming but thought it was teenagers messing about, police say.",
    "type" : "STY",
    "lastUpdated" : "2013-03-08T18:02:13+00:00",
    "firstCreated" : "2013-03-08T13:44:20+00:00",
    "hasShortForm" : true,
    "body" : "<body xmlns=\"http://www.bbc.co.uk/asset\" xml:space=\"preserve\" xml:base=\"http://www.bbc.co.uk/article/6b47b337-8f98-404a-b57d-438b81e879d0\"><image id=\"66252167\"/><paragraph role=\"introduction\">Passengers on the lower deck of a bus where a girl was stabbed to death heard screaming but thought it was teenagers messing about, police have said.</paragraph><paragraph>Officers said they believed the attack on Christina Edkins during Thursday morning's rush hour in Birmingham appeared to be \"random and senseless\".</paragraph><paragraph>A 22-year-old man has been arrested on suspicion of murdering the 16-year-old who was attacked on the bus's top deck.</paragraph><paragraph>Police said they were still searching for the murder weapon.</paragraph><paragraph>Officers have until 01:00 GMT on Saturday either to charge or release the man they have in custody.</paragraph><crosshead>Three people</crosshead><paragraph>They said the suspect, a British national with links to Walsall, was not known to mental health units in the area and has no known link to the teenager.</paragraph><paragraph>Christina was stabbed once in the chest on the bus on Hagley Road while on her way to school in Halesowen.</paragraph><paragraph>A woman claiming to have witnessed the attack on the bus said she waited for the girl's attacker to get off the vehicle before performing CPR on the teenager.</paragraph><image id=\"66275743\"/><paragraph>Writing on Facebook, Stephanie Bent said: \"I gave CPR until medics arrived and am deeply traumatised I could not save her. I certainly wasn't going to confront a knifeman knowing he had just stabbed someone I thought he may stab me too, all I cared about was getting up to the girl to help.\"</paragraph><paragraph>Police have said they \"urgently\" need to speak to all of the 16 people who were on the bus at the time of the attack, at about 07:30 GMT.</paragraph><paragraph>In a press conference Det Supt Richard Baker said police have been \"overwhelmed\" by the public response, which had provided the investigation with \"crucial information\".</paragraph><paragraph>He said there had been three people on the top deck of the bus at the time of the attack - Christina, her attacker and another man, who has been identified.</paragraph><paragraph>Mr Baker said the suspect \"calmly waited to get off the bus\" after Christina was attacked. </paragraph><paragraph>Detectives called for anyone who might have seen the suspect travelling on buses around the Birmingham area after the stabbing to get in touch.</paragraph><crosshead>Floral tributes</crosshead><paragraph>Counsellors have been brought into Leasowes High School, where Christina was a pupil, to support pupils and staff.</paragraph><paragraph>Throughout the day, pupils and people living nearby have been leaving flowers, soft toys and balloons outside the school gates.</paragraph><paragraph>The school said it thanked \"everyone for many offers of support\" and extended heartfelt sympathy to Christina's family.</paragraph><paragraph>Friends of the teenager also gathered to pay their respects at Hagley Road, where a growing number of floral tributes have also been placed.</paragraph><paragraph>A book of remembrance has been opened at nearby St Peter's Church, in Lapal, Halesowen, where people can go to light a candle.</paragraph><paragraph>Several supermarkets in Halesowen have started collections for Christina's family.</paragraph></body>",
    "shortFormBody" : "<shortFormBody xmlns=\"http://www.bbc.co.uk/asset\" xml:space=\"preserve\" xml:base=\"http://www.bbc.co.uk/article/6b47b337-8f98-404a-b57d-438b81e879d0\"><paragraph>Passengers on the lower deck of a bus where a girl was stabbed to death heard screaming but thought it was teenagers messing about, police have said. </paragraph><paragraph>Officers said they believed the attack on Christina Edkins during Thursday morning's rush hour in Birmingham appeared to be \"random and senseless\". </paragraph><paragraph>A 22-year-old man has been arrested on suspicion of murdering the 16-year-old who was attacked on the bus's top deck. </paragraph><paragraph>Police said they were still searching for the murder weapon. </paragraph></shortFormBody>",
    "media" : {
      "images" : {
        "body" : {
          "66249641" : {
            "height" : 171,
            "width" : 304,
            "href" : "http://news.bbcimg.co.uk/media/images/66249000/jpg/_66249641_frankiebus.jpg",
            "caption" : "Nothing could be done to save the victim, the emergency services said",
            "altText" : "Hagley Road stabbing",
            "positionHint" : "body-narrow-width"
          },
          "66249187" : {
            "height" : 171,
            "width" : 304,
            "href" : "http://news.bbcimg.co.uk/media/images/66249000/jpg/_66249187_forensics.jpg",
            "altText" : "Hagley Road stabbing",
            "positionHint" : "body-narrow-width"
          },
          "66247894" : {
            "height" : 171,
            "width" : 304,
            "href" : "http://news.bbcimg.co.uk/media/images/66247000/jpg/_66247894_bevvtlncaaa3pc_.jpg",
            "caption" : "Eyewitnesses reported seeing about 10 police cars and two ambulances at the scene",
            "altText" : "Hagley Road incident",
            "positionHint" : "body-narrow-width"
          },
          "66248410" : {
            "height" : 171,
            "width" : 304,
            "href" : "http://news.bbcimg.co.uk/media/images/66248000/jpg/_66248410_hagley.jpg",
            "caption" : "The Hagley Road and surrounding pavements would be closed off for most of the day, police said",
            "altText" : "Hagley Road incident",
            "positionHint" : "body-narrow-width"
          },
          "66252100" : {
            "height" : 261,
            "width" : 464,
            "href" : "http://news.bbcimg.co.uk/media/images/66252000/jpg/_66252100_busscene.jpg",
            "caption" : "Officers believe the girl was on her way to school when she was stabbed",
            "altText" : "The bus and police cars in Hagley Road",
            "positionHint" : "body-width"
          },
          "66252165" : {
            "height" : 171,
            "width" : 304,
            "href" : "http://news.bbcimg.co.uk/media/images/66252000/jpg/_66252165_timbowerspic.jpg",
            "caption" : "Traffic queues built up across the city following the attack",
            "altText" : "The Hagley Road",
            "positionHint" : "body-narrow-width"
          },
          "66252167" : {
            "height" : 171,
            "width" : 304,
            "href" : "http://news.bbcimg.co.uk/media/images/66252000/png/_66252167_40201337-1253-1.png",
            "caption" : "Christina was stabbed once in the chest, post-mortem test results showed",
            "altText" : "Christina Edkins",
            "positionHint" : "body-narrow-width"
          },
          "66257237" : {
            "height" : 171,
            "width" : 304,
            "href" : "http://news.bbcimg.co.uk/media/images/66257000/jpg/_66257237_017425961-1.jpg",
            "caption" : "The bus has been taken away from the scene, near the Five Ways junction of the Hagley Road",
            "altText" : "Police officers at the scene",
            "positionHint" : "body-narrow-width"
          },
          "66257240" : {
            "height" : 299,
            "width" : 224,
            "href" : "http://news.bbcimg.co.uk/media/images/66257000/jpg/_66257240_c13d0024-b240-4831-9ff6-34394bdbd01e.jpg",
            "caption" : "Officers have been searching around the scene",
            "altText" : "Officers searching around the scene"
          },
          "66270998" : {
            "height" : 171,
            "width" : 304,
            "href" : "http://news.bbcimg.co.uk/media/images/66270000/jpg/_66270998_5b81ab8a-30c0-4cfd-bcf1-eeadb8a0525c.jpg",
            "caption" : "Dozens of bunches of flowers have been left outside Christina's school",
            "altText" : "Flowers outside the school",
            "positionHint" : "body-narrow-width"
          },
          "66275743" : {
            "height" : 224,
            "width" : 224,
            "href" : "http://news.bbcimg.co.uk/media/images/66275000/jpg/_66275743_7f0b72cd-2d98-4d57-a35f-a2a8f9083df5.jpg",
            "caption" : "Police issued a CCTV image of a man wearing a jacket with a tiger design",
            "altText" : "CCTV image from the bus"
          },
          "66271928" : {
            "height" : 171,
            "width" : 304,
            "href" : "http://news.bbcimg.co.uk/media/images/66271000/jpg/_66271928_flowers.jpg",
            "altText" : "Flowers outside the school",
            "positionHint" : "body-narrow-width"
          }
        },
        "index" : {
          "66252169" : {
            "height" : 261,
            "width" : 464,
            "href" : "http://news.bbcimg.co.uk/media/images/66252000/jpg/_66252169_66252168.jpg",
            "altText" : "Christina Edkins"
          }
        }
      }
    },
    "relatedGroups" : [ {
      "type" : "index",
      "items" : [ {
        "summary" : "A 16-year-old girl who was attacked on rush-hour bus in Birmingham died from a single stab wound to the chest, post-mortem tests reveal.",
        "type" : "STY",
        "lastUpdated" : "2013-03-08T14:57:08+00:00",
        "firstCreated" : "2013-03-08T04:06:24+00:00",
        "hasShortForm" : true,
        "language" : "en-GB",
        "assetUri" : "/news/uk-england-birmingham-21710567",
        "headline" : "Christina Edkins bus stabbing: Single stab wound killed teenager",
        "shortHeadline" : "Girl killed on bus was stabbed once",
        "section" : {
          "name" : "Birmingham & Black Country",
          "uri" : "/news/england/birmingham_and_black_country"
        },
        "site" : {
          "name" : "BBC News",
          "code" : "news-v6"
        }
      }, {
        "summary" : "A man is arrested after a 16-year-old girl was stabbed to death on a rush-hour bus on one of Birmingham's busiest roads.",
        "type" : "STY",
        "lastUpdated" : "2013-03-07T22:05:02+00:00",
        "firstCreated" : "2013-03-07T08:43:23+00:00",
        "hasShortForm" : true,
        "language" : "en-GB",
        "assetUri" : "/news/uk-england-stoke-staffordshire-21697693",
        "headline" : "Birmingham stabbing: Man held over Christina Edkins attack",
        "shortHeadline" : "Man held after fatal bus stabbing",
        "section" : {
          "name" : "Birmingham & Black Country",
          "uri" : "/news/england/birmingham_and_black_country"
        },
        "site" : {
          "name" : "BBC News",
          "code" : "news-v6"
        }
      }, {
        "summary" : "Tributes are paid to a 16-year-old schoolgirl who was stabbed to death on a bus in Birmingham.",
        "type" : "STY",
        "lastUpdated" : "2013-03-07T20:07:44+00:00",
        "firstCreated" : "2013-03-07T18:41:12+00:00",
        "hasShortForm" : true,
        "language" : "en-GB",
        "assetUri" : "/news/uk-england-birmingham-21708079",
        "headline" : "Christina Edkins stab death: Tributes to Birmingham schoolgirl",
        "shortHeadline" : "Friends pay tribute to stabbed girl",
        "section" : {
          "name" : "Birmingham & Black Country",
          "uri" : "/news/england/birmingham_and_black_country"
        },
        "site" : {
          "name" : "BBC News",
          "code" : "news-v6"
        }
      }, {
        "summary" : "A man has been arrested after a 16-year-old girl was stabbed to death on a rush-hour bus on one of Birmingham's busiest roads.",
        "type" : "MAP",
        "lastUpdated" : "2013-03-07T15:19:00+00:00",
        "firstCreated" : "2013-03-07T15:09:21+00:00",
        "hasShortForm" : false,
        "media" : {
          "videos" : {
            "primary" : {
              "66259937" : {
                "duration" : "PT1M16S",
                "available" : true,
                "mimeType" : "application/xml",
                "href" : "http://playlists.bbc.co.uk/news/uk-21705451A/playlist.sxml",
                "externalId" : "p0160mww",
                "caption" : "West Midlands Police gave an update on the arrest",
                "allowOffSiteEmbedding" : false,
                "live" : false,
                "image" : {
                  "height" : 360,
                  "width" : 640,
                  "href" : "http://news.bbcimg.co.uk/media/images/66259000/jpg/_66259939_66259938.jpg",
                  "altText" : "Det Supt Richard Baker"
                }
              }
            }
          }
        },
        "language" : "en-GB",
        "assetUri" : "/news/uk-21705451",
        "headline" : "Birmingham stabbing: Police arrest man over fatal attack",
        "shortHeadline" : "Bus stab suspect 'arrested after chase'",
        "section" : {
          "name" : "UK",
          "uri" : "/news/uk"
        },
        "site" : {
          "name" : "BBC News",
          "code" : "news-v6"
        },
        "mediaType" : "Video"
      } ]
    }, {
      "type" : "see-alsos",
      "items" : [ {
        "summary" : "A 16-year-old girl who was attacked on rush-hour bus in Birmingham died from a single stab wound to the chest, post-mortem tests reveal.",
        "type" : "STY",
        "lastUpdated" : "2013-03-08T14:57:08+00:00",
        "firstCreated" : "2013-03-08T04:06:24+00:00",
        "hasShortForm" : true,
        "language" : "en-GB",
        "assetUri" : "/news/uk-england-birmingham-21710567",
        "headline" : "Christina Edkins bus stabbing: Single stab wound killed teenager",
        "shortHeadline" : "Girl killed on bus was stabbed once",
        "section" : {
          "name" : "Birmingham & Black Country",
          "uri" : "/news/england/birmingham_and_black_country"
        },
        "site" : {
          "name" : "BBC News",
          "code" : "news-v6"
        }
      }, {
        "summary" : "A man is arrested after a 16-year-old girl was stabbed to death on a rush-hour bus on one of Birmingham's busiest roads.",
        "type" : "STY",
        "lastUpdated" : "2013-03-07T22:05:02+00:00",
        "firstCreated" : "2013-03-07T08:43:23+00:00",
        "hasShortForm" : true,
        "language" : "en-GB",
        "assetUri" : "/news/uk-england-stoke-staffordshire-21697693",
        "headline" : "Birmingham stabbing: Man held over Christina Edkins attack",
        "shortHeadline" : "Man held after fatal bus stabbing",
        "section" : {
          "name" : "Birmingham & Black Country",
          "uri" : "/news/england/birmingham_and_black_country"
        },
        "site" : {
          "name" : "BBC News",
          "code" : "news-v6"
        }
      }, {
        "summary" : "Tributes are paid to a 16-year-old schoolgirl who was stabbed to death on a bus in Birmingham.",
        "type" : "STY",
        "lastUpdated" : "2013-03-07T20:07:44+00:00",
        "firstCreated" : "2013-03-07T18:41:12+00:00",
        "hasShortForm" : true,
        "language" : "en-GB",
        "assetUri" : "/news/uk-england-birmingham-21708079",
        "headline" : "Christina Edkins stab death: Tributes to Birmingham schoolgirl",
        "shortHeadline" : "Friends pay tribute to stabbed girl",
        "section" : {
          "name" : "Birmingham & Black Country",
          "uri" : "/news/england/birmingham_and_black_country"
        },
        "site" : {
          "name" : "BBC News",
          "code" : "news-v6"
        }
      }, {
        "summary" : "A man has been arrested after a 16-year-old girl was stabbed to death on a rush-hour bus on one of Birmingham's busiest roads.",
        "type" : "MAP",
        "lastUpdated" : "2013-03-07T15:19:00+00:00",
        "firstCreated" : "2013-03-07T15:09:21+00:00",
        "hasShortForm" : false,
        "media" : {
          "videos" : {
            "primary" : {
              "66259937" : {
                "duration" : "PT1M16S",
                "available" : true,
                "mimeType" : "application/xml",
                "href" : "http://playlists.bbc.co.uk/news/uk-21705451A/playlist.sxml",
                "externalId" : "p0160mww",
                "caption" : "West Midlands Police gave an update on the arrest",
                "allowOffSiteEmbedding" : false,
                "live" : false,
                "image" : {
                  "height" : 360,
                  "width" : 640,
                  "href" : "http://news.bbcimg.co.uk/media/images/66259000/jpg/_66259939_66259938.jpg",
                  "altText" : "Det Supt Richard Baker"
                }
              }
            }
          }
        },
        "language" : "en-GB",
        "assetUri" : "/news/uk-21705451",
        "headline" : "Birmingham stabbing: Police arrest man over fatal attack",
        "shortHeadline" : "Bus stab suspect 'arrested after chase'",
        "section" : {
          "name" : "UK",
          "uri" : "/news/uk"
        },
        "site" : {
          "name" : "BBC News",
          "code" : "news-v6"
        },
        "mediaType" : "Video"
      } ]
    }, {
      "type" : "related-urls",
      "items" : [ {
        "title" : "West Midlands Police",
        "type" : "LINK",
        "links" : {
          "desktop" : "http://www.west-midlands.police.uk/index.asp",
          "highweb" : "http://www.west-midlands.police.uk/index.asp"
        },
        "assetTypeCode" : "URL"
      } ]
    } ],
    "options" : {
      "allowHeadline" : true,
      "allowDateStamp" : true,
      "allowRelatedStoriesBox" : false,
      "allowRightHandSide" : true,
      "includeComments" : false,
      "allowPrintingSharingLinks" : true,
      "allowAdvertising" : true
    },
    "language" : "en-GB",
    "assetUri" : "/news/uk-england-birmingham-21711661",
    "assetId" : "21711661",
    "headline" : "Christina Edkins stabbing: Bus passengers 'heard screaming'",
    "shortHeadline" : "Bus passengers 'heard screaming'",
    "section" : {
      "name" : "Birmingham & Black Country",
      "uri" : "/news/england/birmingham_and_black_country"
    },
    "site" : {
      "name" : "BBC News",
      "code" : "news-v6"
    },
    "iStatsCounterName" : "news.england.birmingham_and_black_country.story.21711661.page"
  } ]
}