{
  "results" : [ {
    "summary" : "An 18-year-old rapper is stabbed to death in Birmingham after attending a tribute event to a knife murder victim.",
    "type" : "STY",
    "lastUpdated" : "2013-09-21T22:30:33+00:00",
    "firstCreated" : "2013-09-21T08:23:18+00:00",
    "hasShortForm" : true,
    "body" : "<body xmlns=\"http://www.bbc.co.uk/asset\" xml:space=\"preserve\" xml:base=\"http://www.bbc.co.uk/article/5683bdee-66be-fd44-8b10-f96af3ef65bf\"><image id=\"70052166\"/><paragraph role=\"introduction\">An 18-year-old rapper has been stabbed to death after attending a tribute night to a knife murder victim.</paragraph><paragraph>The musician, named locally as Joshua Ribera but who used the stage name Depzman, died in hospital after being stabbed outside TC's club in Selly Oak, Birmingham, on Friday night.</paragraph><paragraph>He had been attending a fundraising event in memory of Kyle Sheehan, 16, who was killed a year ago.</paragraph><paragraph>An 18-year-old man has been arrested on suspicion of Mr Ribera's murder.</paragraph><crosshead>'Talented MC'</crosshead><image id=\"63213441\"/><paragraph>Tributes have been paid to Mr Ribera by other rappers including Frisco who described the death as \"sad\".</paragraph><paragraph>Meanwhile Wretch 32 said Depzman was \"a young, talented MC\".</paragraph><paragraph>The stabbing happened in Coronation Road shortly before 23:00 BST on Friday.</paragraph><paragraph>Mr Ribera was taken to hospital where he died in the early hours of Saturday morning.</paragraph><paragraph>At 11:45 a man attended a police station in Dudley and was arrested on suspicion of murder.</paragraph><paragraph>The attack came after an event in memory of  <!-- CPS Asset ID: 24192672 --><link><caption>Kyle Sheehan</caption><url platform=\"highweb\" href=\"http://www.bbc.co.uk/news/uk-england-birmingham-21618688\"/></link> who was stabbed in the leg in the Bartley Green area of Birmingham on 21 September 2012.</paragraph><paragraph>He died from the injury. No-one has been charged with his killing.</paragraph></body>",
    "shortFormBody" : "<shortFormBody xmlns=\"http://www.bbc.co.uk/asset\" xml:space=\"preserve\" xml:base=\"http://www.bbc.co.uk/article/5683bdee-66be-fd44-8b10-f96af3ef65bf\"><paragraph>An 18-year-old rapper has been stabbed to death after attending a tribute night to a knife murder victim.</paragraph><paragraph>The musician, named locally as Joshua Ribera but who used the stage name Depzman, died in hospital after being stabbed outside TC's club in Selly Oak, Birmingham, on Friday night.</paragraph><paragraph>He had been attending a fundraising event in memory of Kyle Sheehan, 16, who was killed a year ago.</paragraph><paragraph>An 18-year-old man has been arrested on suspicion of Mr Ribera's murder.</paragraph></shortFormBody>",
    "media" : {
      "images" : {
        "body" : {
          "63213441" : {
            "height" : 299,
            "width" : 224,
            "href" : "http://news.bbcimg.co.uk/media/images/63213000/jpg/_63213441_63213440.jpg",
            "caption" : "Kyle Sheehan was stabbed in the leg on 21 September 2012",
            "altText" : "Kyle Sheehan"
          },
          "70052166" : {
            "height" : 261,
            "width" : 464,
            "href" : "http://news.bbcimg.co.uk/media/images/70052000/jpg/_70052166_tcsellyoak_google.jpg",
            "caption" : "The stabbing happened outside TC's in the Selly Oak area of Birmingham",
            "altText" : "TC's, Selly Oak",
            "positionHint" : "body-width"
          }
        },
        "index" : {
          "70052164" : {
            "height" : 261,
            "width" : 464,
            "href" : "http://news.bbcimg.co.uk/media/images/70052000/jpg/_70052164_tcsellyoak_google.jpg",
            "altText" : "TC's, Selly Oak"
          }
        }
      }
    },
    "relatedGroups" : [ {
      "type" : "index",
      "items" : [ {
        "summary" : "The grandmother of a teenager stabbed to death urges his killer to come forward as the family marks what would have been his 17th birthday.",
        "type" : "STY",
        "lastUpdated" : "2013-02-28T17:56:36+00:00",
        "firstCreated" : "2013-02-28T15:41:14+00:00",
        "hasShortForm" : true,
        "language" : "en-GB",
        "assetUri" : "/news/uk-england-birmingham-21618688",
        "headline" : "Plea by grandmother of Kyle Sheehan to find killer",
        "shortHeadline" : "Grandmother's plea to find killer",
        "section" : {
          "name" : "Birmingham & Black Country",
          "uri" : "/news/england/birmingham_and_black_country"
        },
        "site" : {
          "name" : "BBC News",
          "code" : "news-v6"
        }
      }, {
        "summary" : "The family of a 16-year-old stabbed in a Birmingham street appeal for information, saying his death has been \"just horrendous\".",
        "type" : "STY",
        "lastUpdated" : "2012-10-01T11:44:28+00:00",
        "firstCreated" : "2012-10-01T09:18:39+00:00",
        "hasShortForm" : true,
        "language" : "en-GB",
        "assetUri" : "/news/uk-england-birmingham-19784398",
        "headline" : "Kyle Sheehan death in Birmingham: Family appeal for information",
        "shortHeadline" : "Boy's stabbing death 'horrendous'",
        "section" : {
          "name" : "Birmingham & Black Country",
          "uri" : "/news/england/birmingham_and_black_country"
        },
        "site" : {
          "name" : "BBC News",
          "code" : "news-v6"
        }
      }, {
        "summary" : "Three people are arrested after a 16-year-old boy is left in a critical condition after being stabbed in a Birmingham street.",
        "type" : "STY",
        "lastUpdated" : "2012-09-22T11:57:29+00:00",
        "firstCreated" : "2012-09-22T09:59:53+00:00",
        "hasShortForm" : true,
        "language" : "en-GB",
        "assetUri" : "/news/uk-england-birmingham-19684954",
        "headline" : "Bartley Green stabbing: Three arrested",
        "shortHeadline" : "Arrests after teenager stabbed",
        "section" : {
          "name" : "Birmingham & Black Country",
          "uri" : "/news/england/birmingham_and_black_country"
        },
        "site" : {
          "name" : "BBC News",
          "code" : "news-v6"
        }
      } ]
    }, {
      "type" : "see-alsos",
      "items" : [ {
        "summary" : "The grandmother of a teenager stabbed to death urges his killer to come forward as the family marks what would have been his 17th birthday.",
        "type" : "STY",
        "lastUpdated" : "2013-02-28T17:56:36+00:00",
        "firstCreated" : "2013-02-28T15:41:14+00:00",
        "hasShortForm" : true,
        "language" : "en-GB",
        "assetUri" : "/news/uk-england-birmingham-21618688",
        "headline" : "Plea by grandmother of Kyle Sheehan to find killer",
        "shortHeadline" : "Grandmother's plea to find killer",
        "section" : {
          "name" : "Birmingham & Black Country",
          "uri" : "/news/england/birmingham_and_black_country"
        },
        "site" : {
          "name" : "BBC News",
          "code" : "news-v6"
        }
      }, {
        "summary" : "The family of a 16-year-old stabbed in a Birmingham street appeal for information, saying his death has been \"just horrendous\".",
        "type" : "STY",
        "lastUpdated" : "2012-10-01T11:44:28+00:00",
        "firstCreated" : "2012-10-01T09:18:39+00:00",
        "hasShortForm" : true,
        "language" : "en-GB",
        "assetUri" : "/news/uk-england-birmingham-19784398",
        "headline" : "Kyle Sheehan death in Birmingham: Family appeal for information",
        "shortHeadline" : "Boy's stabbing death 'horrendous'",
        "section" : {
          "name" : "Birmingham & Black Country",
          "uri" : "/news/england/birmingham_and_black_country"
        },
        "site" : {
          "name" : "BBC News",
          "code" : "news-v6"
        }
      }, {
        "summary" : "Three people are arrested after a 16-year-old boy is left in a critical condition after being stabbed in a Birmingham street.",
        "type" : "STY",
        "lastUpdated" : "2012-09-22T11:57:29+00:00",
        "firstCreated" : "2012-09-22T09:59:53+00:00",
        "hasShortForm" : true,
        "language" : "en-GB",
        "assetUri" : "/news/uk-england-birmingham-19684954",
        "headline" : "Bartley Green stabbing: Three arrested",
        "shortHeadline" : "Arrests after teenager stabbed",
        "section" : {
          "name" : "Birmingham & Black Country",
          "uri" : "/news/england/birmingham_and_black_country"
        },
        "site" : {
          "name" : "BBC News",
          "code" : "news-v6"
        }
      } ]
    }, {
      "type" : "related-urls",
      "items" : [ {
        "title" : "West Midlands Police",
        "type" : "LINK",
        "links" : {
          "desktop" : "http://www.west-midlands.police.uk/latest-news/",
          "highweb" : "http://www.west-midlands.police.uk/latest-news/"
        },
        "assetTypeCode" : "URL"
      } ]
    } ],
    "options" : {
      "allowHeadline" : true,
      "allowDateStamp" : true,
      "allowRelatedStoriesBox" : true,
      "allowRightHandSide" : true,
      "includeComments" : false,
      "allowPrintingSharingLinks" : true,
      "allowAdvertising" : true
    },
    "language" : "en-gb",
    "assetUri" : "/news/uk-england-birmingham-24186020",
    "assetId" : "24186020",
    "headline" : "Rapper Depzman stabbed to death after Kyle Sheehan tribute",
    "shortHeadline" : "Murder tribute rapper stabbed dead",
    "section" : {
      "name" : "Birmingham & Black Country",
      "uri" : "/news/england/birmingham_and_black_country"
    },
    "site" : {
      "name" : "BBC News",
      "code" : "news-v6"
    },
    "workerCallingCard" : "NOLAPPS571-6004",
    "iStatsCounterName" : "news.england.birmingham_and_black_country.story.24186020.page"
  } ]
}