{
  "results" : [ {
    "summary" : "Police are given more time to speak to a man arrested in connection with the murder of an 18-year-old rapper in Birmingham.",
    "type" : "STY",
    "lastUpdated" : "2013-09-23T19:50:11+00:00",
    "firstCreated" : "2013-09-23T11:04:15+00:00",
    "hasShortForm" : true,
    "body" : "<body xmlns=\"http://www.bbc.co.uk/asset\" xml:space=\"preserve\" xml:base=\"http://www.bbc.co.uk/article/5fb11600-58ca-624d-a506-dcd005a8d559\"><image id=\"70066388\"/><paragraph role=\"introduction\">Police have been given more time to speak to a man arrested in connection with the murder of a rapper.</paragraph><paragraph>Joshua Ribera, 18, died in hospital after he was stabbed outside TC's club in Selly Oak, Birmingham, on Friday.</paragraph><paragraph>Officers have been granted an extra 36 hours to question an 18-year-old who handed himself in to Dudley police station at 11:45 BST on Saturday.</paragraph><paragraph>An 19-year-old from Edgbaston, arrested after attending Bloxwich Police Station on Sunday, remains in custody.</paragraph><paragraph>Investigations into the stabbing are continuing, West Midlands Police said. </paragraph><paragraph>Mr Ribera, who was a rapper from the Moseley area of Birmingham, used the stage name Depzman.</paragraph><paragraph>A post-mortem examination revealed he died from a stab wound to the heart.</paragraph><crosshead>'Stay strong'</crosshead><paragraph>Police were called to Coronation Road just before 23:00 BST on Friday by the ambulance service. </paragraph><paragraph>The attack came after an event in memory of <!-- CPS Asset ID: 24214631 --><link><caption>Kyle Sheehan</caption><altText>Link to the previous story</altText><url platform=\"highweb\" href=\"http://www.bbc.co.uk/news/uk-england-birmingham-19769384\"/></link> who was stabbed in the leg in the Bartley Green area of Birmingham on 21 September 2012.</paragraph><paragraph>Anyone who was at TC's on Friday night or who witnessed the stabbing is urged to call police as soon as possible.</paragraph><paragraph>Friends and <!-- CPS Asset ID: 24214632 --><link><caption>people from across the music industry</caption><url platform=\"highweb\" href=\"http://www.bbc.co.uk/newsbeat/24206027\"/></link> lined up to pay tribute to Mr Ribera.</paragraph><paragraph>One friend, Jay Kae, said: \"Everyone loved him. A lot of people are hurting.</paragraph><paragraph>\"I feel a bit lost. I'm just trying to stay strong for Depz's mum and the rest of the family.</paragraph><paragraph>\"I hear of people getting stabbed all the time so I didn't think it was as serious as it actually was until I got there [to the club].\"</paragraph></body>",
    "shortFormBody" : "<shortFormBody xmlns=\"http://www.bbc.co.uk/asset\" xml:space=\"preserve\" xml:base=\"http://www.bbc.co.uk/article/5fb11600-58ca-624d-a506-dcd005a8d559\"><paragraph>Police have been given more time to speak to a man arrested in connection with the murder of a rapper.</paragraph><paragraph>Joshua Ribera, 18, died in hospital after he was stabbed outside TC's club in Selly Oak, Birmingham, on Friday.</paragraph><paragraph>Officers have been granted an extra 36 hours to question an 18-year-old who handed himself in to Dudley police station at 11:45 BST on Saturday.</paragraph><paragraph>An 19-year-old from Edgbaston, arrested after attending Bloxwich Police Station on Sunday, remains in custody.</paragraph></shortFormBody>",
    "media" : {
      "images" : {
        "body" : {
          "70066388" : {
            "height" : 171,
            "width" : 304,
            "href" : "http://news.bbcimg.co.uk/media/images/70066000/jpg/_70066388_tcsellyoak_google.jpg",
            "caption" : "The stabbing happened outside TC's in the Selly Oak area of Birmingham",
            "altText" : "TC's, Selly Oak",
            "positionHint" : "body-narrow-width"
          }
        },
        "index" : {
          "70057373" : {
            "height" : 261,
            "width" : 464,
            "href" : "http://news.bbcimg.co.uk/media/images/70057000/jpg/_70057373_tcsellyoak_google.jpg",
            "altText" : "TC's, Selly Oak"
          }
        }
      }
    },
    "relatedGroups" : [ {
      "type" : "index",
      "items" : [ {
        "title" : "Wretch 32 among Depzman tributes",
        "type" : "LINK",
        "lastUpdated" : "2013-09-23T13:33:37+00:00",
        "firstCreated" : "2013-09-23T13:33:37+00:00",
        "links" : {
          "desktop" : "http://www.bbc.co.uk/newsbeat/24206027",
          "highweb" : "http://www.bbc.co.uk/newsbeat/24206027"
        },
        "assetTypeCode" : "STY"
      }, {
        "summary" : "A second man is arrested on suspicion of the murder of an 18-year-old rapper in Birmingham on Friday night.",
        "type" : "STY",
        "lastUpdated" : "2013-09-22T14:51:15+00:00",
        "firstCreated" : "2013-09-22T14:38:29+00:00",
        "hasShortForm" : true,
        "language" : "en-gb",
        "assetUri" : "/news/uk-england-24196927",
        "headline" : "Joshua Ribera: Second arrest in murder investigation",
        "shortHeadline" : "Second arrest over rapper stab death",
        "section" : {
          "name" : "England",
          "uri" : "/news/england"
        },
        "site" : {
          "name" : "BBC News",
          "code" : "news-v6"
        },
        "workerCallingCard" : "NOLAPPS571-6004"
      }, {
        "summary" : "An 18-year-old rapper is stabbed to death in Birmingham after attending a tribute event to a knife murder victim.",
        "type" : "STY",
        "lastUpdated" : "2013-09-21T22:30:33+00:00",
        "firstCreated" : "2013-09-21T08:23:18+00:00",
        "hasShortForm" : true,
        "language" : "en-gb",
        "assetUri" : "/news/uk-england-birmingham-24186020",
        "headline" : "Rapper Depzman stabbed to death after Kyle Sheehan tribute",
        "shortHeadline" : "Murder tribute rapper stabbed dead",
        "section" : {
          "name" : "Birmingham & Black Country",
          "uri" : "/news/england/birmingham_and_black_country"
        },
        "site" : {
          "name" : "BBC News",
          "code" : "news-v6"
        },
        "workerCallingCard" : "NOLAPPS571-6004"
      } ]
    }, {
      "type" : "see-alsos",
      "items" : [ {
        "title" : "Wretch 32 among Depzman tributes",
        "type" : "LINK",
        "lastUpdated" : "2013-09-23T13:33:37+00:00",
        "firstCreated" : "2013-09-23T13:33:37+00:00",
        "links" : {
          "desktop" : "http://www.bbc.co.uk/newsbeat/24206027",
          "highweb" : "http://www.bbc.co.uk/newsbeat/24206027"
        },
        "assetTypeCode" : "STY"
      }, {
        "summary" : "A second man is arrested on suspicion of the murder of an 18-year-old rapper in Birmingham on Friday night.",
        "type" : "STY",
        "lastUpdated" : "2013-09-22T14:51:15+00:00",
        "firstCreated" : "2013-09-22T14:38:29+00:00",
        "hasShortForm" : true,
        "language" : "en-gb",
        "assetUri" : "/news/uk-england-24196927",
        "headline" : "Joshua Ribera: Second arrest in murder investigation",
        "shortHeadline" : "Second arrest over rapper stab death",
        "section" : {
          "name" : "England",
          "uri" : "/news/england"
        },
        "site" : {
          "name" : "BBC News",
          "code" : "news-v6"
        },
        "workerCallingCard" : "NOLAPPS571-6004"
      }, {
        "summary" : "An 18-year-old rapper is stabbed to death in Birmingham after attending a tribute event to a knife murder victim.",
        "type" : "STY",
        "lastUpdated" : "2013-09-21T22:30:33+00:00",
        "firstCreated" : "2013-09-21T08:23:18+00:00",
        "hasShortForm" : true,
        "language" : "en-gb",
        "assetUri" : "/news/uk-england-birmingham-24186020",
        "headline" : "Rapper Depzman stabbed to death after Kyle Sheehan tribute",
        "shortHeadline" : "Murder tribute rapper stabbed dead",
        "section" : {
          "name" : "Birmingham & Black Country",
          "uri" : "/news/england/birmingham_and_black_country"
        },
        "site" : {
          "name" : "BBC News",
          "code" : "news-v6"
        },
        "workerCallingCard" : "NOLAPPS571-6004"
      } ]
    }, {
      "type" : "related-urls",
      "items" : [ {
        "title" : "West Midlands Police",
        "type" : "LINK",
        "links" : {
          "desktop" : "http://www.west-midlands.police.uk/",
          "highweb" : "http://www.west-midlands.police.uk/"
        },
        "assetTypeCode" : "URL"
      } ]
    } ],
    "options" : {
      "allowHeadline" : true,
      "allowDateStamp" : true,
      "allowRelatedStoriesBox" : true,
      "allowRightHandSide" : true,
      "includeComments" : false,
      "allowPrintingSharingLinks" : true,
      "allowAdvertising" : true
    },
    "language" : "en-gb",
    "assetUri" : "/news/uk-england-birmingham-24205242",
    "assetId" : "24205242",
    "headline" : "Joshua Ribera: Police given more time to question man over murder",
    "shortHeadline" : "More time over rapper stab death",
    "section" : {
      "name" : "Birmingham & Black Country",
      "uri" : "/news/england/birmingham_and_black_country"
    },
    "site" : {
      "name" : "BBC News",
      "code" : "news-v6"
    },
    "workerCallingCard" : "NOLAPPS201-6006",
    "iStatsCounterName" : "news.england.birmingham_and_black_country.story.24205242.page"
  } ]
}