{
  "results" : [ {
    "summary" : "A man suspected of stabbing a pregnant woman in a Birmingham car park is named by police.",
    "type" : "STY",
    "lastUpdated" : "2013-07-02T16:26:14+00:00",
    "firstCreated" : "2013-07-02T16:19:27+00:00",
    "hasShortForm" : true,
    "body" : "<body xmlns=\"http://www.bbc.co.uk/asset\" xml:space=\"preserve\" xml:base=\"http://www.bbc.co.uk/article/389efce4-0b42-ea42-98c4-d221403ea1fc\"><image id=\"68510562\"/><paragraph role=\"introduction\">A man suspected of stabbing a pregnant woman in a Birmingham car park has been named by police.</paragraph><paragraph>Leon Harrison, 33, is thought to have left the Fitness First car park in Stirchley in a silver car after the stabbing at about 14:00 BST on Monday.</paragraph><paragraph>Officers urged anyone who sees Mr Harrison to call 999 and not approach him.</paragraph><paragraph>The victim, who is known to Mr Harrison, is in a critical but stable condition in hospital.</paragraph><paragraph>Police said the woman, 31, was in the early stages of pregnancy.</paragraph><paragraph>Mr Harrison, from Kings Heath, is also known to visit Selly Oak and the Lickey Hills area of Worcestershire.</paragraph><crosshead>Panther tattoo</crosshead><paragraph>He is described as black, 6ft 2ins, heavily built with brown eyes and a small goatee beard and four \"gold canine teeth\".</paragraph><paragraph>West Midlands Police said he had a distinctive panther tattoo on his right arm and a large cross on his lower left arm.</paragraph><paragraph>He also has letters tattooed on both sides of his neck and a scar on the right side of his jaw.</paragraph><paragraph>Detectives said they also wanted to speak to the male driver of a blue Renault vehicle who was leaving the car park in Pershore Road as the attack happened.</paragraph><paragraph>Det Insp Justin Spanner said officers were trawling CCTV in the area and had visited a number of addresses known to Mr Harrison.</paragraph></body>",
    "shortFormBody" : "<shortFormBody xmlns=\"http://www.bbc.co.uk/asset\" xml:space=\"preserve\" xml:base=\"http://www.bbc.co.uk/article/389efce4-0b42-ea42-98c4-d221403ea1fc\"><paragraph>A man suspected of stabbing a pregnant woman in a Birmingham car park has been named by police.</paragraph><paragraph>Leon Harrison, 33, is thought to have left the Fitness First car park in Stirchley in a silver car after the stabbing at about 14:00 BST on Monday.</paragraph><paragraph>Officers urged anyone who sees Mr Harrison to call 999 and not approach him.</paragraph><paragraph>The victim, who is known to Mr Harrison, is in a critical but stable condition in hospital.</paragraph></shortFormBody>",
    "media" : {
      "images" : {
        "body" : {
          "68510562" : {
            "height" : 261,
            "width" : 464,
            "href" : "http://news.bbcimg.co.uk/media/images/68510000/jpg/_68510562_9dce1bbf-06bc-4f86-aee0-31f114c44889.jpg",
            "caption" : "Leon Harrison is described as having four \"gold canine teeth\" and distinctive tattoos",
            "altText" : "Leon Harrison",
            "positionHint" : "body-width"
          }
        },
        "index" : {
          "68510564" : {
            "height" : 261,
            "width" : 464,
            "href" : "http://news.bbcimg.co.uk/media/images/68510000/jpg/_68510564_9dce1bbf-06bc-4f86-aee0-31f114c44889.jpg",
            "altText" : "Leon Harrison"
          }
        }
      }
    },
    "relatedGroups" : [ {
      "type" : "index",
      "items" : [ {
        "summary" : "A woman is in a life-threatening condition after being stabbed several times in a car park in Birmingham.",
        "type" : "STY",
        "lastUpdated" : "2013-07-01T15:37:28+00:00",
        "firstCreated" : "2013-07-01T14:37:10+00:00",
        "hasShortForm" : true,
        "language" : "en-gb",
        "assetUri" : "/news/uk-england-birmingham-23135220",
        "headline" : "Stirchley stabbing: Woman attacked in car park",
        "shortHeadline" : "Woman stabbed in city car park",
        "section" : {
          "name" : "Birmingham & Black Country",
          "uri" : "/news/england/birmingham_and_black_country"
        },
        "site" : {
          "name" : "BBC News",
          "code" : "news-v6"
        }
      } ]
    }, {
      "type" : "see-alsos",
      "items" : [ {
        "summary" : "A woman is in a life-threatening condition after being stabbed several times in a car park in Birmingham.",
        "type" : "STY",
        "lastUpdated" : "2013-07-01T15:37:28+00:00",
        "firstCreated" : "2013-07-01T14:37:10+00:00",
        "hasShortForm" : true,
        "language" : "en-gb",
        "assetUri" : "/news/uk-england-birmingham-23135220",
        "headline" : "Stirchley stabbing: Woman attacked in car park",
        "shortHeadline" : "Woman stabbed in city car park",
        "section" : {
          "name" : "Birmingham & Black Country",
          "uri" : "/news/england/birmingham_and_black_country"
        },
        "site" : {
          "name" : "BBC News",
          "code" : "news-v6"
        }
      } ]
    }, {
      "type" : "related-urls",
      "items" : [ {
        "title" : "West Midlands Police",
        "type" : "LINK",
        "links" : {
          "desktop" : "http://www.west-midlands.police.uk/",
          "highweb" : "http://www.west-midlands.police.uk/"
        },
        "assetTypeCode" : "URL"
      } ]
    } ],
    "options" : {
      "allowHeadline" : true,
      "allowDateStamp" : true,
      "allowRelatedStoriesBox" : true,
      "allowRightHandSide" : true,
      "includeComments" : false,
      "allowPrintingSharingLinks" : true,
      "allowAdvertising" : true
    },
    "language" : "en-gb",
    "assetUri" : "/news/uk-england-birmingham-23153359",
    "assetId" : "23153359",
    "headline" : "Leon Harrison named as Stirchley pregnant woman stabbing suspect",
    "shortHeadline" : "Pregnant woman stabbing suspect hunt",
    "section" : {
      "name" : "Birmingham & Black Country",
      "uri" : "/news/england/birmingham_and_black_country"
    },
    "site" : {
      "name" : "BBC News",
      "code" : "news-v6"
    },
    "iStatsCounterName" : "news.england.birmingham_and_black_country.story.23153359.page"
  } ]
}