{
  "results" : [ {
    "summary" : "A memorial garden has been opened at the former school of Christina Edkins, who was stabbed in a random attack in Birmingham in March.",
    "type" : "MAP",
    "lastUpdated" : "2013-10-04T11:01:42+00:00",
    "firstCreated" : "2013-10-04T09:43:57+00:00",
    "hasShortForm" : false,
    "body" : "<body xmlns=\"http://www.bbc.co.uk/asset\" xml:space=\"preserve\" xml:base=\"http://www.bbc.co.uk/article/fe8a22d1-e874-904a-a275-09fe6a7d246c\"><paragraph>A memorial garden has been opened at the former school of Christina Edkins, who was stabbed in a random attack in Birmingham in March.</paragraph><paragraph>The 16-year-old was killed on a bus as she made her way to Leasowes High School in Halesowen.</paragraph><paragraph>Rugby international Phil Vickery officially opened the garden at her former school St Edmund's Catholic Primary in Spring Hill on Thursday.</paragraph><paragraph>He said the memorial would be a lasting legacy to the teenager.</paragraph><paragraph>Christina's parents were at the school for the opening, a day after Phillip Simelane, 23, was detained under the Mental Health Act after <!-- CPS Asset ID: 24394964 --><link><caption>admitting her manslaughter.</caption><url platform=\"highweb\" href=\"http://www.bbc.co.uk/news/uk-england-birmingham-24358473\"/></link></paragraph><paragraph>Mary O'Friel, head teacher at St Edmunds, said the garden was the perfect way to remember Christina.</paragraph><paragraph>Young people from Birmingham took part in a debate on the problems of knife crime in the city, in the wake of recent stabbings.</paragraph><paragraph>Heather-Michaela Farrell, a friend of Joshua Ribera, who was stabbed to death in September, said more needed to be done to tackle the issue.</paragraph><paragraph>One friend of Christina Edkins, Jon Horne, said some young people carried knives almost as status symbols. </paragraph></body>",
    "media" : {
      "images" : {
        "index" : {
          "70276229" : {
            "height" : 360,
            "width" : 640,
            "href" : "http://news.bbcimg.co.uk/media/images/70276000/jpg/_70276229_garden_opening_640.jpg",
            "altText" : "Garden opening"
          }
        },
        "index-thumbnail" : {
          "70276231" : {
            "height" : 180,
            "width" : 320,
            "href" : "http://news.bbcimg.co.uk/media/images/70276000/jpg/_70276231_garden_opening_640.jpg",
            "altText" : "Garden opening"
          }
        }
      },
      "videos" : {
        "primary" : {
          "70275548" : {
            "duration" : "PT2M",
            "available" : true,
            "mimeType" : "application/xml",
            "href" : "http://playlists.bbc.co.uk/news/uk-england-birmingham-24394963A/playlist.sxml",
            "externalId" : "p01j3bpb",
            "caption" : "The memorial garden to Christina Edkins was opened at St Edmund's Catholic Primary in Spring Hill, Birmingham",
            "allowOffSiteEmbedding" : false,
            "live" : false,
            "image" : {
              "height" : 360,
              "width" : 640,
              "href" : "http://news.bbcimg.co.uk/media/images/70276000/jpg/_70276228_garden_opening_640.jpg",
              "altText" : "Garden opening"
            }
          }
        }
      }
    },
    "relatedGroups" : [ {
      "type" : "see-alsos",
      "items" : [ {
        "summary" : "A garden is opened in memory of a teenage girl who was stabbed to death on a bus in Birmingham.",
        "type" : "STY",
        "lastUpdated" : "2013-10-03T16:34:05+00:00",
        "firstCreated" : "2013-10-02T14:15:40+00:00",
        "hasShortForm" : true,
        "language" : "en-gb",
        "assetUri" : "/news/uk-england-birmingham-24372184",
        "headline" : "Christina Edkins: Memorial garden opens for bus stab victim",
        "shortHeadline" : "Memorial garden for stabbed teenager",
        "section" : {
          "name" : "Birmingham & Black Country",
          "uri" : "/news/england/birmingham_and_black_country"
        },
        "site" : {
          "name" : "BBC News",
          "code" : "news-v6"
        },
        "workerCallingCard" : "nolapps593-6002"
      }, {
        "summary" : "A primary school is fundraising for a memorial award in honour of a 16-year-old girl who was fatally stabbed on a bus in Birmingham.",
        "type" : "STY",
        "lastUpdated" : "2013-07-22T08:11:33+00:00",
        "firstCreated" : "2013-07-22T06:25:01+00:00",
        "hasShortForm" : true,
        "language" : "en-gb",
        "assetUri" : "/news/uk-england-birmingham-23402388",
        "headline" : "Bus stab victim Christina Edkins honoured in sport award",
        "shortHeadline" : "School honour for bus stabbing girl",
        "section" : {
          "name" : "Birmingham & Black Country",
          "uri" : "/news/england/birmingham_and_black_country"
        },
        "site" : {
          "name" : "BBC News",
          "code" : "news-v6"
        }
      }, {
        "summary" : "A man whose mental health was the subject of warnings is detained for killing schoolgirl Christina Edkins in a random attack on a bus in Birmingham.",
        "type" : "STY",
        "lastUpdated" : "2013-10-02T15:24:05+00:00",
        "firstCreated" : "2013-10-01T18:56:13+00:00",
        "hasShortForm" : true,
        "language" : "en-gb",
        "assetUri" : "/news/uk-england-birmingham-24358473",
        "headline" : "Christina Edkins killing: Phillip Simelane detained",
        "shortHeadline" : "Man detained for random bus killing",
        "section" : {
          "name" : "Birmingham & Black Country",
          "uri" : "/news/england/birmingham_and_black_country"
        },
        "site" : {
          "name" : "BBC News",
          "code" : "news-v6"
        },
        "workerCallingCard" : "nolapps593-6006"
      }, {
        "summary" : "An 18-year-old man appears in court charged with the murder of a rapper who was stabbed to death in Birmingham.",
        "type" : "STY",
        "lastUpdated" : "2013-09-24T11:33:36+00:00",
        "firstCreated" : "2013-09-24T10:54:21+00:00",
        "hasShortForm" : true,
        "language" : "en-gb",
        "assetUri" : "/news/uk-england-birmingham-24225178",
        "headline" : "Joshua Ribera: Man in court over rapper stabbing",
        "shortHeadline" : "Man in court over rapper stabbing",
        "section" : {
          "name" : "Birmingham & Black Country",
          "uri" : "/news/england/birmingham_and_black_country"
        },
        "site" : {
          "name" : "BBC News",
          "code" : "news-v6"
        },
        "workerCallingCard" : "NOLAPPS571-6001"
      } ]
    }, {
      "type" : "more-media-asset-pages",
      "items" : [ {
        "title" : "AV content promotion hyperpuff - importers - LIVE",
        "type" : "HYP",
        "lastUpdated" : "2010-07-13T10:49:39+00:00",
        "firstCreated" : "2010-07-02T16:30:56+00:00",
        "language" : "en-gb",
        "assetUri" : "/news/10301118",
        "section" : {
          "name" : "Video",
          "uri" : "/news/video_and_audio"
        },
        "site" : {
          "name" : "BBC News",
          "code" : "news-v6"
        },
        "workerCallingCard" : "NOLAPPS201-6004"
      } ]
    } ],
    "options" : {
      "allowHeadline" : true,
      "allowDateStamp" : true,
      "allowRelatedStoriesBox" : true,
      "allowRightHandSide" : true,
      "includeComments" : false,
      "allowPrintingSharingLinks" : true,
      "allowAdvertising" : true
    },
    "language" : "en-gb",
    "assetUri" : "/news/uk-england-birmingham-24394963",
    "assetId" : "24394963",
    "headline" : "Memorial garden for Christina Edkins",
    "shortHeadline" : "Memorial garden for stabbed teen",
    "section" : {
      "name" : "Birmingham & Black Country",
      "uri" : "/news/england/birmingham_and_black_country"
    },
    "site" : {
      "name" : "BBC News",
      "code" : "news-v6"
    },
    "workerCallingCard" : "NOLAPPS203-6002",
    "iStatsCounterName" : "news.england.birmingham_and_black_country.media_asset.24394963.page",
    "mediaType" : "Video"
  } ]
}