{
  "results" : [ {
    "summary" : "A second man is arrested on suspicion of the murder of an 18-year-old rapper in Birmingham on Friday night.",
    "type" : "STY",
    "lastUpdated" : "2013-09-22T14:51:15+00:00",
    "firstCreated" : "2013-09-22T14:38:29+00:00",
    "hasShortForm" : true,
    "body" : "<body xmlns=\"http://www.bbc.co.uk/asset\" xml:space=\"preserve\" xml:base=\"http://www.bbc.co.uk/article/8ca657f1-8465-de43-a57a-9b2c70df61d2\"><image id=\"70066388\"/><paragraph role=\"introduction\">A second man has been arrested on suspicion of murdering an 18-year-old rapper who was stabbed to death after a tribute event for a knife murder victim.</paragraph><paragraph>Joshua Ribera died in hospital after he was stabbed outside TC's club in Selly Oak, Birmingham, on Friday night.</paragraph><paragraph>Police said an 19-year-old from Edgbaston was arrested after attending Bloxwich Police Station at 14:20 BST.</paragraph><paragraph>An 18-year-old man who was arrested on Saturday remains in police custody.</paragraph><paragraph>Investigations into the stabbing are ongoing, West Midlands Police said. </paragraph><paragraph>Mr Ribera, from the Moseley area of Birmingham, used the stage name Depzman.</paragraph><crosshead>'Vital information'</crosshead><paragraph>A post-mortem examination revealed he died from a stab wound to the heart.</paragraph><paragraph>Police were called to Coronation Road just before 23:00 on Friday by the ambulance service. </paragraph><image id=\"63213441\"/><paragraph>The attack came after an event in memory of <!-- CPS Asset ID: 24197860 --><link><caption>Kyle Sheehan</caption><url platform=\"highweb\" href=\"http://www.bbc.co.uk/news/uk-england-birmingham-19769384\"/></link> who was stabbed in the leg in the Bartley Green area of Birmingham on 21 September 2012.</paragraph><paragraph>Part of Coronation Road remains cordoned off as investigations continue at the scene.</paragraph><paragraph>Appealing for further information, Det Insp Gary Plant, said: \"There are still a number of people who haven't been spoken to by police. A lot of Joshua's friends were at the function and may have vital information about what happened and we urge them to come forward.\"</paragraph><crosshead>'Beautiful, talented son'</crosshead><paragraph>Paying tribute to her son, Joshua's mother, Alison Cope wrote on her Facebook page: \"The most beautiful son a mum could ask for has been taken from me. All who know me know he was my world, my everything.</paragraph><paragraph>\"I loved him with every bit of my heart and my heart is now broken. He was kind, caring, funny, affectionate, beautiful and talented. </paragraph><paragraph>\"He was stabbed in the heart and they tried for six hours to save him but he needed to go.  </paragraph><paragraph>\"I love you Josh and I don't know how I can go on without my baby boy xxx\".</paragraph></body>",
    "shortFormBody" : "<shortFormBody xmlns=\"http://www.bbc.co.uk/asset\" xml:space=\"preserve\" xml:base=\"http://www.bbc.co.uk/article/8ca657f1-8465-de43-a57a-9b2c70df61d2\"><paragraph>A second man has been arrested on suspicion of murdering an 18-year-old rapper who was stabbed to death after a tribute event for a knife murder victim.</paragraph><paragraph>Joshua Ribera died in hospital after he was stabbed outside TC's club in Selly Oak, Birmingham, on Friday night.</paragraph><paragraph>Police said an 19-year-old from Edgbaston was arrested after attending Bloxwich Police Station at 14:20 BST.</paragraph><paragraph>An 18-year-old man who was arrested on Saturday remains in police custody.</paragraph></shortFormBody>",
    "media" : {
      "images" : {
        "body" : {
          "63213441" : {
            "height" : 299,
            "width" : 224,
            "href" : "http://news.bbcimg.co.uk/media/images/63213000/jpg/_63213441_63213440.jpg",
            "caption" : "Kyle Sheehan died after he was stabbed in the leg",
            "altText" : "Kyle Sheehan"
          },
          "70066388" : {
            "height" : 171,
            "width" : 304,
            "href" : "http://news.bbcimg.co.uk/media/images/70066000/jpg/_70066388_tcsellyoak_google.jpg",
            "caption" : "The stabbing happened outside TC's in the Selly Oak area of Birmingham",
            "altText" : "TC's, Selly Oak",
            "positionHint" : "body-narrow-width"
          }
        },
        "index" : {
          "70057373" : {
            "height" : 261,
            "width" : 464,
            "href" : "http://news.bbcimg.co.uk/media/images/70057000/jpg/_70057373_tcsellyoak_google.jpg",
            "altText" : "TC's, Selly Oak"
          }
        }
      }
    },
    "relatedGroups" : [ {
      "type" : "index",
      "items" : [ {
        "summary" : "An 18-year-old rapper is stabbed to death in Birmingham after attending a tribute event to a knife murder victim.",
        "type" : "STY",
        "lastUpdated" : "2013-09-21T22:30:33+00:00",
        "firstCreated" : "2013-09-21T08:23:18+00:00",
        "hasShortForm" : true,
        "language" : "en-gb",
        "assetUri" : "/news/uk-england-birmingham-24186020",
        "headline" : "Rapper Depzman stabbed to death after Kyle Sheehan tribute",
        "shortHeadline" : "Murder tribute rapper stabbed dead",
        "section" : {
          "name" : "Birmingham & Black Country",
          "uri" : "/news/england/birmingham_and_black_country"
        },
        "site" : {
          "name" : "BBC News",
          "code" : "news-v6"
        },
        "workerCallingCard" : "NOLAPPS571-6004"
      } ]
    }, {
      "type" : "see-alsos",
      "items" : [ {
        "summary" : "An 18-year-old rapper is stabbed to death in Birmingham after attending a tribute event to a knife murder victim.",
        "type" : "STY",
        "lastUpdated" : "2013-09-21T22:30:33+00:00",
        "firstCreated" : "2013-09-21T08:23:18+00:00",
        "hasShortForm" : true,
        "language" : "en-gb",
        "assetUri" : "/news/uk-england-birmingham-24186020",
        "headline" : "Rapper Depzman stabbed to death after Kyle Sheehan tribute",
        "shortHeadline" : "Murder tribute rapper stabbed dead",
        "section" : {
          "name" : "Birmingham & Black Country",
          "uri" : "/news/england/birmingham_and_black_country"
        },
        "site" : {
          "name" : "BBC News",
          "code" : "news-v6"
        },
        "workerCallingCard" : "NOLAPPS571-6004"
      } ]
    }, {
      "type" : "related-urls",
      "items" : [ {
        "title" : "West Midlands Police",
        "type" : "LINK",
        "links" : {
          "desktop" : "http://www.west-midlands.police.uk/",
          "highweb" : "http://www.west-midlands.police.uk/"
        },
        "assetTypeCode" : "URL"
      } ]
    } ],
    "options" : {
      "allowHeadline" : true,
      "allowDateStamp" : true,
      "allowRelatedStoriesBox" : true,
      "allowRightHandSide" : true,
      "includeComments" : false,
      "allowPrintingSharingLinks" : true,
      "allowAdvertising" : true
    },
    "language" : "en-gb",
    "assetUri" : "/news/uk-england-24196927",
    "assetId" : "24196927",
    "headline" : "Joshua Ribera: Second arrest in murder investigation",
    "shortHeadline" : "Second arrest over rapper stab death",
    "section" : {
      "name" : "England",
      "uri" : "/news/england"
    },
    "site" : {
      "name" : "BBC News",
      "code" : "news-v6"
    },
    "workerCallingCard" : "NOLAPPS571-6004",
    "iStatsCounterName" : "news.england.story.24196927.page"
  } ]
}