{
  "results" : [ {
    "summary" : "A man charged with murdering two Big Issue sellers in Birmingham appears at the city's crown court.",
    "type" : "STY",
    "lastUpdated" : "2013-01-16T11:58:59+00:00",
    "firstCreated" : "2013-01-16T11:52:04+00:00",
    "hasShortForm" : true,
    "body" : "<body xmlns=\"http://www.bbc.co.uk/asset\" xml:space=\"preserve\" xml:base=\"http://www.bbc.co.uk/article/2472cfec-f4c2-4c4c-9d17-49e9b14e8820\"><image id=\"65251617\"/><paragraph role=\"introduction\">A man charged with murdering two Big Issue sellers who were stabbed in the centre of Birmingham has appeared at the city's crown court.</paragraph><paragraph>John Ward, 23, of no fixed address, was remanded in custody until his next court appearance in April.</paragraph><paragraph>Wayne Busst, 32, and Ian Gladwish, 31, both from the city, were stabbed in Union Street shortly before 18:00 GMT on Friday.</paragraph><paragraph>Despite first aid from passers-by and police officers they died at the scene.</paragraph><paragraph>One of the men was stabbed outside Sainsbury's in Union Street, while the other was found slumped nearby outside a side entrance to Boots.</paragraph><paragraph>Police had said there could have been hundreds of witnesses to the stabbings.</paragraph></body>",
    "shortFormBody" : "<shortFormBody xmlns=\"http://www.bbc.co.uk/asset\" xml:space=\"preserve\" xml:base=\"http://www.bbc.co.uk/article/2472cfec-f4c2-4c4c-9d17-49e9b14e8820\"><paragraph>A man charged with murdering two Big Issue sellers who were stabbed in the centre of Birmingham has appeared at the city's crown court.</paragraph><paragraph>John Ward, 23, of no fixed address, was remanded in custody until his next court appearance in April.</paragraph><paragraph>Wayne Busst, 32, and Ian Gladwish, 31, both from the city, were stabbed in Union Street shortly before 18:00 GMT on Friday.</paragraph><paragraph>Despite first aid from passers-by and police officers they died at the scene.</paragraph></shortFormBody>",
    "media" : {
      "images" : {
        "body" : {
          "65238044" : {
            "height" : 171,
            "width" : 304,
            "href" : "http://news.bbcimg.co.uk/media/images/65238000/jpg/_65238044_stabbing.jpg",
            "caption" : "West Midlands Police have cordoned off part of Martineau Place and Union Street",
            "altText" : "Police incident in Martineau Place",
            "positionHint" : "body-narrow-width"
          },
          "65238921" : {
            "height" : 171,
            "width" : 304,
            "href" : "http://news.bbcimg.co.uk/media/images/65238000/jpg/_65238921_birmingham_police_cordon.jpg",
            "altText" : "A shop and police cordon",
            "positionHint" : "body-narrow-width"
          },
          "65250387" : {
            "height" : 171,
            "width" : 304,
            "href" : "http://news.bbcimg.co.uk/media/images/65250000/jpg/_65250387_jex_7407_de27-1.jpg",
            "caption" : "Union Street was cordoned off on Friday night after the stabbings",
            "altText" : "Union Street closed on Friday night",
            "positionHint" : "body-narrow-width"
          },
          "65241081" : {
            "height" : 171,
            "width" : 304,
            "href" : "http://news.bbcimg.co.uk/media/images/65241000/jpg/_65241081_jex_7408_de19-1.jpg",
            "caption" : "Supt Richard Moore said it was important not \"to jump to conclusions\"",
            "altText" : "Supt Richard Moore",
            "positionHint" : "body-narrow-width"
          },
          "65241510" : {
            "height" : 171,
            "width" : 304,
            "href" : "http://news.bbcimg.co.uk/media/images/65241000/jpg/_65241510_jex_7409_de47-1.jpg",
            "caption" : "Extra police patrols were put on in the city centre over the weekend",
            "altText" : "The front of Sainsbury's in Union Street on Saturday morning",
            "positionHint" : "body-narrow-width"
          },
          "65251617" : {
            "height" : 171,
            "width" : 304,
            "href" : "http://news.bbcimg.co.uk/media/images/65251000/jpg/_65251617_stabbing.jpg",
            "caption" : "Wayne Busst and Ian Gladwish were Big Issue sellers",
            "altText" : "Wayne Lee Busst (left) and Ian Watson Gladwish (right)",
            "positionHint" : "body-narrow-width"
          }
        },
        "index" : {
          "65251619" : {
            "height" : 261,
            "width" : 464,
            "href" : "http://news.bbcimg.co.uk/media/images/65251000/jpg/_65251619_stabbing.jpg",
            "caption" : "Wayne Busst and Ian Gladwish had both been Big Issue sellers",
            "altText" : "Wayne Lee Busst (left) and Ian Watson Gladwish (right)"
          }
        }
      }
    },
    "relatedGroups" : [ {
      "type" : "index",
      "items" : [ {
        "summary" : "A 23-year-old man charged with murdering two Big Issue sellers who were stabbed in the centre of Birmingham is remanded in custody.",
        "type" : "STY",
        "lastUpdated" : "2013-01-14T19:09:29+00:00",
        "firstCreated" : "2013-01-13T11:00:27+00:00",
        "hasShortForm" : true,
        "language" : "en-gb",
        "assetUri" : "/news/uk-england-birmingham-21003318",
        "headline" : "Birmingham stabbings: Man in court over Big Issue deaths",
        "shortHeadline" : "Murder charges over Big Issue men",
        "section" : {
          "name" : "Birmingham & Black Country",
          "uri" : "/news/england/birmingham_and_black_country"
        },
        "site" : {
          "name" : "BBC News",
          "code" : "news-v6"
        }
      } ]
    }, {
      "type" : "see-alsos",
      "items" : [ {
        "summary" : "A 23-year-old man charged with murdering two Big Issue sellers who were stabbed in the centre of Birmingham is remanded in custody.",
        "type" : "STY",
        "lastUpdated" : "2013-01-14T19:09:29+00:00",
        "firstCreated" : "2013-01-13T11:00:27+00:00",
        "hasShortForm" : true,
        "language" : "en-gb",
        "assetUri" : "/news/uk-england-birmingham-21003318",
        "headline" : "Birmingham stabbings: Man in court over Big Issue deaths",
        "shortHeadline" : "Murder charges over Big Issue men",
        "section" : {
          "name" : "Birmingham & Black Country",
          "uri" : "/news/england/birmingham_and_black_country"
        },
        "site" : {
          "name" : "BBC News",
          "code" : "news-v6"
        }
      } ]
    }, {
      "type" : "related-urls",
      "items" : [ {
        "title" : "HM Courts Service",
        "type" : "LINK",
        "links" : {
          "desktop" : "http://www.justice.gov.uk/about/hmcts/",
          "highweb" : "http://www.justice.gov.uk/about/hmcts/"
        },
        "assetTypeCode" : "URL"
      } ]
    } ],
    "options" : {
      "allowHeadline" : true,
      "allowDateStamp" : true,
      "allowRelatedStoriesBox" : true,
      "allowRightHandSide" : true,
      "includeComments" : false,
      "allowPrintingSharingLinks" : true,
      "allowAdvertising" : true
    },
    "language" : "en-gb",
    "assetUri" : "/news/uk-england-birmingham-21045520",
    "assetId" : "21045520",
    "headline" : "Birmingham Big Issue stabbings: John Ward in court",
    "shortHeadline" : "Big Issue murder accused in court",
    "section" : {
      "name" : "Birmingham & Black Country",
      "uri" : "/news/england/birmingham_and_black_country"
    },
    "site" : {
      "name" : "BBC News",
      "code" : "news-v6"
    },
    "iStatsCounterName" : "news.england.birmingham_and_black_country.story.21045520.page"
  } ]
}