{
  "results" : [ {
    "summary" : "Two men stabbed to death in front of shoppers in Birmingham city centre were Big Issue sellers, the publication confirms.",
    "type" : "STY",
    "lastUpdated" : "2013-01-12T16:52:34+00:00",
    "firstCreated" : "2013-01-12T09:43:12+00:00",
    "hasShortForm" : true,
    "body" : "<body xmlns=\"http://www.bbc.co.uk/asset\" xml:space=\"preserve\" xml:base=\"http://www.bbc.co.uk/article/5b9f4ff0-b08b-2941-adc3-d254adb83d2b\"><image id=\"65241079\"/><paragraph role=\"introduction\">The two men stabbed to death in front of shoppers in Birmingham city centre were Big Issue sellers, the publication has confirmed. </paragraph><paragraph>Officers said hundreds of people may have witnessed the stabbings in Union Street at about 17:50 GMT on Friday.</paragraph><paragraph>The first man was stabbed outside Sainsbury's and the second was found slumped outside Boots side entrance.</paragraph><paragraph>Minutes later, a 23-year-old man was arrested in New Street near to Odeon cinema. He remains in custody.</paragraph><paragraph>Post-mortem examinations on the two men, aged in their 30s, were due to take place. Their identities have not been officially released.</paragraph><crosshead>'Absolutely devastated'</crosshead><paragraph>Union Street, which was closed on Friday night, has now reopened but some areas of the street and part of New Street remain cordoned off for forensic investigations to continue.</paragraph><paragraph>Big Issue founder and editor-in-chief John Bird said everyone at the magazine was \"absolutely devastated\" to hear of the men's deaths.</paragraph><!-- Embedded video --><video media-id=\"65248024\">    <caption>John Bird, founder of the Big Issue: \"This is a terrible tragedy\"</caption>  </video><paragraph>He said: \"We are struggling to make any sense of this utterly senseless attack and our sincerest condolences go out to the families of the victims.</paragraph><paragraph>\"This awful crime, perpetrated against two hard-working, mild-mannered men, only serves to illustrate the extreme vulnerability of people who live and work on the streets, which is why we at the Big Issue are constantly striving to create opportunities which will help our vendors to get off the streets and out of harm's way.</paragraph><paragraph>\"We are truly devastated that these two individuals have been deprived of just such a future.\"</paragraph><paragraph>Police urged anyone who saw the stabbings - or the attacker fleeing the scene - to contact them.</paragraph><paragraph>A woman, who runs a stall near the Sainsbury's store and did not want to be named, said: \"If it's who I think it is they've been around here for a while.</paragraph><paragraph>\"They were homeless and two lovely men. One of them had a dog called Scooby who I used to bring titbits for.  I can't believe they're both dead.\"</paragraph><crosshead>'Exceptionally rare'</crosshead><paragraph>Ambulance crews said police officers and members of the public had been helping give the stabbed men first aid when they arrived.</paragraph><paragraph>However, both went into cardiac arrest and died at the scene.</paragraph><paragraph>Supt Richard Moore, of West Midlands Police, said: \"We can't assume anything at the moment, these are the very early stages of a major crime investigation.</paragraph><paragraph>\"We will put all of our investigation resources into looking at the incident. What we can't do is jump to conclusions.</paragraph><paragraph>\"It is a dreadful incident, but thankfully dreadful incidents like this are exceptionally rare.\"</paragraph><paragraph>West Midlands Police said extra police patrols would be out in the city centre over the weekend to reassure members of the public.</paragraph></body>",
    "shortFormBody" : "<shortFormBody xmlns=\"http://www.bbc.co.uk/asset\" xml:space=\"preserve\" xml:base=\"http://www.bbc.co.uk/article/5b9f4ff0-b08b-2941-adc3-d254adb83d2b\"><paragraph>The two men stabbed to death in front of shoppers in Birmingham city centre were Big Issue sellers, the publication has confirmed.</paragraph><paragraph>Officers said hundreds of people may have witnessed the stabbings in Union Street at about 17:50 GMT on Friday.</paragraph><paragraph>The first man was stabbed outside Sainsbury's and the second was found slumped outside Boots side entrance.</paragraph><paragraph>Minutes later, a 23-year-old man was arrested in New Street near to Odeon cinema. He remains in custody.</paragraph></shortFormBody>",
    "media" : {
      "images" : {
        "body" : {
          "65238044" : {
            "height" : 171,
            "width" : 304,
            "href" : "http://news.bbcimg.co.uk/media/images/65238000/jpg/_65238044_stabbing.jpg",
            "caption" : "West Midlands Police have cordoned off part of Martineau Place and Union Street",
            "altText" : "Police incident in Martineau Place",
            "positionHint" : "body-narrow-width"
          },
          "65238921" : {
            "height" : 171,
            "width" : 304,
            "href" : "http://news.bbcimg.co.uk/media/images/65238000/jpg/_65238921_birmingham_police_cordon.jpg",
            "altText" : "A shop and police cordon",
            "positionHint" : "body-narrow-width"
          },
          "65241079" : {
            "height" : 288,
            "width" : 512,
            "href" : "http://news.bbcimg.co.uk/media/images/65241000/jpg/_65241079_jex_7407_de27-1.jpg",
            "caption" : "Union Street was cordoned off on Friday night after the stabbings",
            "altText" : "Union Street closed on Friday night",
            "positionHint" : "full-width"
          },
          "65241081" : {
            "height" : 171,
            "width" : 304,
            "href" : "http://news.bbcimg.co.uk/media/images/65241000/jpg/_65241081_jex_7408_de19-1.jpg",
            "caption" : "Supt Richard Moore said it was important not \"to jump to conclusions\"",
            "altText" : "Supt Richard Moore",
            "positionHint" : "body-narrow-width"
          },
          "65241510" : {
            "height" : 171,
            "width" : 304,
            "href" : "http://news.bbcimg.co.uk/media/images/65241000/jpg/_65241510_jex_7409_de47-1.jpg",
            "caption" : "Extra police patrols were put on in the city centre over the weekend",
            "altText" : "The front of Sainsbury's in Union Street on Saturday morning",
            "positionHint" : "body-narrow-width"
          }
        },
        "index" : {
          "65241079" : {
            "height" : 288,
            "width" : 512,
            "href" : "http://news.bbcimg.co.uk/media/images/65241000/jpg/_65241079_jex_7407_de27-1.jpg",
            "caption" : "Union Street, which was cordoned off on Friday night, has now mostly reopened",
            "altText" : "Union Street closed on Friday night"
          }
        }
      },
      "videos" : {
        "body" : {
          "65248024" : {
            "duration" : "PT2M41S",
            "available" : true,
            "mimeType" : "application/xml",
            "href" : "http://playlists.bbc.co.uk/news/uk-21001947A/playlist.sxml",
            "externalId" : "p013pd6x",
            "caption" : "John Bird founder of the Big Issue: \"This is a terrible tragedy\"",
            "allowOffSiteEmbedding" : false,
            "live" : false,
            "image" : {
              "height" : 360,
              "width" : 640,
              "href" : "http://news.bbcimg.co.uk/media/images/65246000/jpg/_65246538_65246537.jpg",
              "altText" : "John Bird"
            }
          }
        }
      }
    },
    "relatedGroups" : [ {
      "type" : "index",
      "items" : [ {
        "summary" : "Two men are stabbed to death in the busy shopping area of Birmingham city centre, with a man arrested a few minutes later.",
        "type" : "STY",
        "lastUpdated" : "2013-01-11T21:43:49+00:00",
        "firstCreated" : "2013-01-11T18:54:53+00:00",
        "hasShortForm" : true,
        "language" : "en-gb",
        "assetUri" : "/news/uk-england-birmingham-20994692",
        "headline" : "Birmingham city centre stabbings leave two men dead",
        "shortHeadline" : "Two men killed in city stabbings",
        "section" : {
          "name" : "Birmingham & Black Country",
          "uri" : "/news/england/birmingham_and_black_country"
        },
        "site" : {
          "name" : "BBC News",
          "code" : "news-v6"
        }
      } ]
    }, {
      "type" : "see-alsos",
      "items" : [ {
        "summary" : "Two men are stabbed to death in the busy shopping area of Birmingham city centre, with a man arrested a few minutes later.",
        "type" : "STY",
        "lastUpdated" : "2013-01-11T21:43:49+00:00",
        "firstCreated" : "2013-01-11T18:54:53+00:00",
        "hasShortForm" : true,
        "language" : "en-gb",
        "assetUri" : "/news/uk-england-birmingham-20994692",
        "headline" : "Birmingham city centre stabbings leave two men dead",
        "shortHeadline" : "Two men killed in city stabbings",
        "section" : {
          "name" : "Birmingham & Black Country",
          "uri" : "/news/england/birmingham_and_black_country"
        },
        "site" : {
          "name" : "BBC News",
          "code" : "news-v6"
        }
      } ]
    }, {
      "type" : "related-urls",
      "items" : [ {
        "title" : "West Midlands Police",
        "type" : "LINK",
        "links" : {
          "desktop" : "http://www.west-midlands.police.uk/",
          "highweb" : "http://www.west-midlands.police.uk/"
        },
        "assetTypeCode" : "URL"
      } ]
    } ],
    "options" : {
      "allowHeadline" : true,
      "allowDateStamp" : true,
      "allowRelatedStoriesBox" : true,
      "allowRightHandSide" : true,
      "includeComments" : false,
      "allowPrintingSharingLinks" : true,
      "allowAdvertising" : true
    },
    "language" : "en-gb",
    "assetUri" : "/news/uk-england-birmingham-20997334",
    "assetId" : "20997334",
    "headline" : "Birmingham stabbings: Stab victims were Big Issue sellers",
    "shortHeadline" : "Stab victims were Big Issue men",
    "section" : {
      "name" : "Birmingham & Black Country",
      "uri" : "/news/england/birmingham_and_black_country"
    },
    "site" : {
      "name" : "BBC News",
      "code" : "news-v6"
    },
    "iStatsCounterName" : "news.england.birmingham_and_black_country.story.20997334.page"
  } ]
}