{
  "results" : [ {
    "summary" : "The funeral of a Birmingham rapper stabbed after attending a fundraising event for another stab victim takes place.",
    "type" : "STY",
    "lastUpdated" : "2013-10-16T14:21:18+00:00",
    "firstCreated" : "2013-10-15T14:00:11+00:00",
    "hasShortForm" : true,
    "body" : "<body xmlns=\"http://www.bbc.co.uk/asset\" xml:space=\"preserve\" xml:base=\"http://www.bbc.co.uk/article/a23607df-66c3-2947-bd33-4e1db7469507\"><image id=\"70518961\"/><paragraph role=\"introduction\">Hundreds of people attended the funeral of a rapper who was stabbed to death after attending a tribute night for another stab victim.</paragraph><paragraph>Joshua Ribera, 18, from Moseley, Birmingham, was killed outside TCs club in Selly Oak, last month.</paragraph><paragraph>He had attended a fundraising event in memory of his friend Kyle Sheehan, 16, who was killed a year ago.</paragraph><paragraph>The funeral service at St Martin's Church in the Bullring started at 13:00 BST. </paragraph><paragraph>Hundreds of people braved wet conditions to attend the service. </paragraph><paragraph>Inside the hearse was a picture of Mr Ribera and a floral tribute spelling out the name Depz, a reference to the rapper's stage name Depzman.</paragraph><paragraph>Armani Deniro Mitchell, 18, of The Green, Northfield, has been charged with murder and appeared at Birmingham Magistrates' Court on 24 September. </paragraph><paragraph>A 19-year-old man also arrested in connection with the death has been released on bail.</paragraph></body>",
    "shortFormBody" : "<shortFormBody xmlns=\"http://www.bbc.co.uk/asset\" xml:space=\"preserve\" xml:base=\"http://www.bbc.co.uk/article/a23607df-66c3-2947-bd33-4e1db7469507\"><paragraph>Hundreds of people attended the funeral of a rapper who was stabbed to death after attending a tribute night for another stab victim.</paragraph><paragraph>Joshua Ribera, 18, from Moseley, Birmingham, was killed outside TCs club in Selly Oak, last month.</paragraph><paragraph>He had attended a fundraising event in memory of his friend Kyle Sheehan, 16, who was killed a year ago.</paragraph><paragraph>The funeral service at St Martin's Church in the Bullring started at 13:00 BST.</paragraph></shortFormBody>",
    "media" : {
      "images" : {
        "body" : {
          "70088794" : {
            "height" : 171,
            "width" : 304,
            "href" : "http://news.bbcimg.co.uk/media/images/70088000/jpg/_70088794_jr249.jpg",
            "caption" : "Joshua Ribera was stabbed near a nightclub in Selly Oak last month",
            "altText" : "Joshua Ribera",
            "positionHint" : "body-narrow-width"
          },
          "70518961" : {
            "height" : 171,
            "width" : 304,
            "href" : "http://news.bbcimg.co.uk/media/images/70518000/jpg/_70518961_funeralpic.jpg",
            "caption" : "Hundreds of people braved wet conditions to attend Joshua Ribera's funeral service",
            "altText" : "Joshua Ribera's hearse",
            "positionHint" : "body-narrow-width"
          },
          "66252167" : {
            "height" : 171,
            "width" : 304,
            "href" : "http://news.bbcimg.co.uk/media/images/66252000/png/_66252167_40201337-1253-1.png",
            "caption" : "Christina died from a single stab wound to the chest",
            "altText" : "Christina Edkins",
            "positionHint" : "body-narrow-width"
          },
          "66556969" : {
            "height" : 171,
            "width" : 304,
            "href" : "http://news.bbcimg.co.uk/media/images/66556000/jpg/_66556969_christinaedkins-newimage.jpg",
            "caption" : "Christina died from a single stab wound to the chest",
            "altText" : "Christina Edkins",
            "positionHint" : "body-narrow-width"
          }
        },
        "index" : {
          "70417408" : {
            "height" : 261,
            "width" : 464,
            "href" : "http://news.bbcimg.co.uk/media/images/70417000/jpg/_70417408_jr249.jpg",
            "caption" : "Joshua Ribera was stabbed near a nightclub in Selly Oak last month",
            "altText" : "Joshua Ribera"
          }
        },
        "index-thumbnail" : {
          "70417410" : {
            "height" : 180,
            "width" : 320,
            "href" : "http://news.bbcimg.co.uk/media/images/70417000/jpg/_70417410_jr249.jpg",
            "caption" : "Joshua Ribera was stabbed near a nightclub in Selly Oak last month",
            "altText" : "Joshua Ribera"
          }
        }
      }
    },
    "relatedGroups" : [ {
      "type" : "related-urls",
      "items" : [ {
        "title" : "HM Courts Service",
        "type" : "LINK",
        "links" : {
          "desktop" : "http://www.justice.gov.uk/about/hmcts",
          "highweb" : "http://www.justice.gov.uk/about/hmcts"
        },
        "assetTypeCode" : "URL"
      } ]
    } ],
    "options" : {
      "allowHeadline" : true,
      "allowDateStamp" : true,
      "allowRelatedStoriesBox" : true,
      "allowRightHandSide" : true,
      "includeComments" : false,
      "allowPrintingSharingLinks" : true,
      "allowAdvertising" : true
    },
    "language" : "en-gb",
    "assetUri" : "/news/uk-england-birmingham-24537673",
    "assetId" : "24537673",
    "headline" : "Rapper Joshua Ribera: Funeral at Bullring church",
    "shortHeadline" : "Bullring funeral for stabbed rapper",
    "section" : {
      "name" : "Birmingham & Black Country",
      "uri" : "/news/england/birmingham_and_black_country"
    },
    "site" : {
      "name" : "BBC News",
      "code" : "news-v6"
    },
    "workerCallingCard" : "NOLAPPS201-6003",
    "iStatsCounterName" : "news.england.birmingham_and_black_country.story.24537673.page"
  } ]
}