{
  "results" : [ {
    "summary" : "Two men are injured in a stabbing in Birmingham leading to the arrest of a man and a woman.",
    "type" : "STY",
    "lastUpdated" : "2013-08-03T13:08:48+00:00",
    "firstCreated" : "2013-08-03T12:33:51+00:00",
    "hasShortForm" : true,
    "body" : "<body xmlns=\"http://www.bbc.co.uk/asset\" xml:space=\"preserve\" xml:base=\"http://www.bbc.co.uk/article/02d1f492-9738-7e40-9dec-8d46a3104ab3\"><paragraph role=\"introduction\">Two men have been injured in a stabbing in Birmingham.</paragraph><paragraph>Police were called to an address in Swancote Road in the Stechford area shortly after 07:00 BST.</paragraph><paragraph>A 30-year-old man sustained stab wounds to his back and another man, aged 20, received a slash wound to his face, the spokesman said.</paragraph><paragraph>Both are currently receiving treatment in hospital. A man and a woman have been arrested in connection with the incident.</paragraph></body>",
    "shortFormBody" : "<shortFormBody xmlns=\"http://www.bbc.co.uk/asset\" xml:space=\"preserve\" xml:base=\"http://www.bbc.co.uk/article/02d1f492-9738-7e40-9dec-8d46a3104ab3\"><paragraph>Two men have been injured in a stabbing in Birmingham.</paragraph><paragraph>Police were called to an address in Swancote Road in the Stechford area shortly after 07:00 BST.</paragraph><paragraph>A 30-year-old man sustained stab wounds to his back and another man, aged 20, received a slash wound to his face, the spokesman said.</paragraph><paragraph>Both are currently receiving treatment in hospital. A man and a woman have been arrested in connection with the incident.</paragraph></shortFormBody>",
    "media" : {
      "images" : {
        "index" : {
          "67745044" : {
            "height" : 431,
            "width" : 767,
            "href" : "http://news.bbcimg.co.uk/media/images/67745000/jpg/_67745044_fd680328-2cd0-4576-92be-f3460c5b7ad7.jpg",
            "altText" : "Police cordon"
          }
        }
      }
    },
    "options" : {
      "allowHeadline" : true,
      "allowDateStamp" : true,
      "allowRelatedStoriesBox" : true,
      "allowRightHandSide" : true,
      "includeComments" : false,
      "allowPrintingSharingLinks" : true,
      "allowAdvertising" : true
    },
    "language" : "en-gb",
    "assetUri" : "/news/uk-england-coventry-warwickshire-23561435",
    "assetId" : "23561435",
    "headline" : "Two held after men hurt in stabbing in Stechford",
    "shortHeadline" : "Two held after men hurt in stabbing",
    "section" : {
      "name" : "Birmingham & Black Country",
      "uri" : "/news/england/birmingham_and_black_country"
    },
    "site" : {
      "name" : "BBC News",
      "code" : "news-v6"
    },
    "iStatsCounterName" : "news.england.birmingham_and_black_country.story.23561435.page"
  } ]
}