{
  "results" : [ {
    "summary" : "An 18-year-old man is charged with the murder of a rapper who was stabbed to death in Birmingham.",
    "type" : "STY",
    "lastUpdated" : "2013-09-23T21:34:58+00:00",
    "firstCreated" : "2013-09-23T21:06:29+00:00",
    "hasShortForm" : true,
    "body" : "<body xmlns=\"http://www.bbc.co.uk/asset\" xml:space=\"preserve\" xml:base=\"http://www.bbc.co.uk/article/69ae1f49-6233-fe48-b10c-05b70eaf5b14\"><image id=\"70081310\"/><paragraph role=\"introduction\">An 18-year-old man has been charged with the murder of a rapper who was stabbed to death in Birmingham.</paragraph><paragraph>Joshua Ribera, 18, was attacked outside TC's club in Selly Oak at about 23:00 BST on Friday. A post-mortem examination found he died from a stab wound to the heart.</paragraph><paragraph>Armani Mitchell, from The Green in Northfield, was arrested on Saturday.</paragraph><paragraph>He is due to appear before magistrates in Birmingham on Tuesday morning.</paragraph><paragraph>An 18-year-old man from Edgbaston who was arrested on Sunday has been released on bail pending further inquiries.</paragraph><paragraph>Mr Ribera had been attending an event at the club in memory of Kyle Sheehan who died after being stabbed in the leg in Birmingham a year ago. </paragraph><paragraph>Members of the music industry joined Mr Ribera's friends in paying tribute to the up and coming grime musician, who went by the stage name Depzman.</paragraph><paragraph>West Midlands Police said they were still keen to speak to anyone who witnessed the attack in Selly Oak on Friday night.</paragraph></body>",
    "shortFormBody" : "<shortFormBody xmlns=\"http://www.bbc.co.uk/asset\" xml:space=\"preserve\" xml:base=\"http://www.bbc.co.uk/article/69ae1f49-6233-fe48-b10c-05b70eaf5b14\"><paragraph>An 18-year-old man has been charged with the murder of a rapper who was stabbed to death in Birmingham.</paragraph><paragraph>Joshua Ribera, 18, was attacked outside TC's club in Selly Oak at about 23:00 BST on Friday. A post-mortem examination found he died from a stab wound to the heart.</paragraph><paragraph>Armani Mitchell, from The Green in Northfield, was arrested on Saturday.</paragraph><paragraph>He is due to appear before magistrates in Birmingham on Tuesday morning.</paragraph></shortFormBody>",
    "media" : {
      "images" : {
        "body" : {
          "51606573" : {
            "height" : 171,
            "width" : 304,
            "href" : "http://news.bbcimg.co.uk/media/images/51606000/jpg/_51606573_fa1d16c0-9c6c-4f82-b0b8-ab66ddd94f78.jpg",
            "altText" : "Breaking news",
            "positionHint" : "body-narrow-width"
          },
          "70081310" : {
            "height" : 171,
            "width" : 304,
            "href" : "http://news.bbcimg.co.uk/media/images/70081000/jpg/_70081310_tcsellyoak_google.jpg",
            "caption" : "Joshua Ribera was stabbed outside TC's club in Selly Oak",
            "altText" : "TC's, Selly Oak",
            "positionHint" : "body-narrow-width"
          }
        },
        "index" : {
          "70057373" : {
            "height" : 261,
            "width" : 464,
            "href" : "http://news.bbcimg.co.uk/media/images/70057000/jpg/_70057373_tcsellyoak_google.jpg",
            "altText" : "TC's, Selly Oak"
          }
        }
      }
    },
    "relatedGroups" : [ {
      "type" : "related-urls",
      "items" : [ {
        "title" : "HM Courts Service",
        "type" : "LINK",
        "links" : {
          "desktop" : "http://www.justice.gov.uk/about/hmcts",
          "highweb" : "http://www.justice.gov.uk/about/hmcts"
        },
        "assetTypeCode" : "URL"
      } ]
    } ],
    "options" : {
      "allowHeadline" : true,
      "allowDateStamp" : true,
      "allowRelatedStoriesBox" : true,
      "allowRightHandSide" : true,
      "includeComments" : false,
      "allowPrintingSharingLinks" : true,
      "allowAdvertising" : true
    },
    "language" : "en-gb",
    "assetUri" : "/news/uk-england-24215558",
    "assetId" : "24215558",
    "headline" : "Joshua Ribera: Man charged over rapper stab death",
    "shortHeadline" : "Man charged over rapper stab death",
    "section" : {
      "name" : "Birmingham & Black Country",
      "uri" : "/news/england/birmingham_and_black_country"
    },
    "site" : {
      "name" : "BBC News",
      "code" : "news-v6"
    },
    "workerCallingCard" : "NOLAPPS201-6004",
    "iStatsCounterName" : "news.england.birmingham_and_black_country.story.24215558.page"
  } ]
}