{
  "results" : [ {
    "summary" : "The mother of a teenager killed in a stabbing in Birmingham calls for more action to combat knife crime, on the day a man admits the manslaughter of another teenager in the city.",
    "type" : "STY",
    "lastUpdated" : "2013-10-02T15:15:37+00:00",
    "firstCreated" : "2013-10-02T07:06:22+00:00",
    "hasShortForm" : false,
    "body" : "<body xmlns=\"http://www.bbc.co.uk/asset\" xml:space=\"preserve\" xml:base=\"http://www.bbc.co.uk/article/a2efd729-bec9-854a-a323-130db2f11a2b\"><image id=\"70229733\"/><paragraph role=\"introduction\">As a homeless man <!-- CPS Asset ID: 24367381 --><link><caption>admits the fatal stabbing of 16-year-old Christina Edkins</caption><url platform=\"highweb\" href=\"http://www.bbc.co.uk/news/uk-england-birmingham-24358473\"/></link> on a Birmingham bus, the mother of another teenager who was stabbed to death has called for more action to combat knife crime in the city.</paragraph><paragraph>Kyle Sheehan, 16, died after being stabbed in the leg outside a party in Bartley Green in September 2012.</paragraph><paragraph>His friend Joshua Ribera, 18, was killed almost a year later at a memorial event for Kyle.</paragraph><paragraph>Kyle's mother Hayley Sheehan said she wanted parents in the city to lead the fight against knife crime.</paragraph><pullOut title=\"Analysis\" size=\"wide\"><byline name=\"Peter Wilson\" title=\"Special correspondent, BBC Midlands Today\"><person thumbnail=\"http://news.bbcimg.co.uk/media/images/65510000/jpg/_65510008_image.jpg\"><name>Peter Wilson</name><function>Special correspondent, BBC Midlands Today</function></person></byline><paragraph>Since the beginning of the year across the West Midlands force area a total of nine people have lost their lives to knife crime.</paragraph><paragraph>That includes the attack on Christina Edkins as she sat on a bus going to school.</paragraph><paragraph>But what has caused the latest alarm is the two unrelated deaths of teenagers in September, fatally stabbed in Birmingham.</paragraph><paragraph>Such deaths grab headlines and heighten concern but the police say it is important to remember that knife crime in the West Midlands is going down. </paragraph><paragraph>Since 2006 it has fallen by more than 60%.</paragraph><paragraph>Yet to those in the midst of grief its little comfort, people want tougher sentences for carrying knives and a constant rolling knife amnesty to get bladed weapons off the streets. </paragraph><paragraph>The police launched their Knives cost Lives campaign in January.</paragraph><paragraph>Young people tell me that knives get carried for a variety of reasons, but it is also part of a macho culture, amongst some young men knives have become a fashion accessory.</paragraph></pullOut><crosshead>'Come together'</crosshead><paragraph>\"Look at the consequences of what's happened. My son's gone, his friend's gone, all the other kids who have been killed by knives have gone,\" she said.</paragraph><paragraph>\"Their mothers are in the same pain I'm going through now. No mother should have to bury their child.</paragraph><paragraph>\"All mothers have to come together. We have to do something to stop these kids killing each other.\" </paragraph><paragraph>According to figures released by police, knife crime in Birmingham dropped by 25% between April 2011 and 2012.</paragraph><paragraph>In 2012-13 there were 1,615 knife-related incidents in the city, although police said over the past six years knife crime had fallen by 63% across the force area.</paragraph><paragraph>However, West Midlands Police said the killings of Azim Azam and Joshua Ribera within a few days of each other last month had \"rocked communities across the city\".</paragraph><paragraph>Azim, 16, from Billesley, was found collapsed in the street after getting off a morning rush-hour bus in Moseley. A post-mortem examination revealed he died from a single stab wound to the chest.</paragraph><paragraph>The force said combating knife crime was a priority and that as part of its Knives End Lives campaign officers routinely visit schools and use metal-detecting \"knife wands\" on patrols in some areas.</paragraph><paragraph>Homeless Phillip Simelane, 23, from Walsall, pleaded guilty to the manslaughter of Christina Edkins at a hearing in Birmingham Crown Court earlier.</paragraph><paragraph>Christina was stabbed while on her way to Leasowes High School in Halesowen on 7 March.</paragraph><paragraph>A post-mortem examination found she died from a single stab wound.</paragraph></body>",
    "media" : {
      "images" : {
        "body" : {
          "70225280" : {
            "height" : 171,
            "width" : 304,
            "href" : "http://news.bbcimg.co.uk/media/images/70225000/jpg/_70225280_63213442.jpg",
            "caption" : "Kyle Sheehan died after trying to protect a friend outside a party in Birmingham on 21 September 2012",
            "altText" : "Kyle Sheehan",
            "positionHint" : "body-narrow-width"
          },
          "70225407" : {
            "height" : 171,
            "width" : 304,
            "href" : "http://news.bbcimg.co.uk/media/images/70225000/jpg/_70225407_70225404.jpg",
            "altText" : "Hayley Sheehan",
            "positionHint" : "body-narrow-width"
          },
          "70229733" : {
            "height" : 261,
            "width" : 464,
            "href" : "http://news.bbcimg.co.uk/media/images/70229000/jpg/_70229733_63213442.jpg",
            "caption" : "Kyle Sheehan was stabbed while trying to protect a friend outside a party in Birmingham on 21 September 2012",
            "altText" : "Kyle Sheehan",
            "positionHint" : "body-width"
          },
          "70232463" : {
            "height" : 171,
            "width" : 304,
            "href" : "http://news.bbcimg.co.uk/media/images/70232000/jpg/_70232463_70225404.jpg",
            "caption" : "Hayley Sheehan says something needs to be done to stop the killings",
            "altText" : "Hayley Sheehan",
            "positionHint" : "body-narrow-width"
          }
        },
        "index" : {
          "63213443" : {
            "height" : 287,
            "width" : 511,
            "href" : "http://news.bbcimg.co.uk/media/images/63213000/jpg/_63213443_63213442.jpg",
            "altText" : "Kyle Sheehan"
          }
        }
      }
    },
    "relatedGroups" : [ {
      "type" : "index",
      "items" : [ {
        "summary" : "A man whose mental health was the subject of warnings is detained for killing schoolgirl Christina Edkins in a random attack on a bus in Birmingham.",
        "type" : "STY",
        "lastUpdated" : "2013-10-02T15:24:05+00:00",
        "firstCreated" : "2013-10-01T18:56:13+00:00",
        "hasShortForm" : true,
        "language" : "en-gb",
        "assetUri" : "/news/uk-england-birmingham-24358473",
        "headline" : "Christina Edkins killing: Phillip Simelane detained",
        "shortHeadline" : "Man detained for random bus killing",
        "section" : {
          "name" : "Birmingham & Black Country",
          "uri" : "/news/england/birmingham_and_black_country"
        },
        "site" : {
          "name" : "BBC News",
          "code" : "news-v6"
        },
        "workerCallingCard" : "nolapps593-6006"
      }, {
        "summary" : "An 18-year-old man appears in court charged with the murder of a rapper who was stabbed to death in Birmingham.",
        "type" : "STY",
        "lastUpdated" : "2013-09-24T11:33:36+00:00",
        "firstCreated" : "2013-09-24T10:54:21+00:00",
        "hasShortForm" : true,
        "language" : "en-gb",
        "assetUri" : "/news/uk-england-birmingham-24225178",
        "headline" : "Joshua Ribera: Man in court over rapper stabbing",
        "shortHeadline" : "Man in court over rapper stabbing",
        "section" : {
          "name" : "Birmingham & Black Country",
          "uri" : "/news/england/birmingham_and_black_country"
        },
        "site" : {
          "name" : "BBC News",
          "code" : "news-v6"
        },
        "workerCallingCard" : "NOLAPPS571-6001"
      } ]
    }, {
      "type" : "see-alsos",
      "items" : [ {
        "summary" : "A man whose mental health was the subject of warnings is detained for killing schoolgirl Christina Edkins in a random attack on a bus in Birmingham.",
        "type" : "STY",
        "lastUpdated" : "2013-10-02T15:24:05+00:00",
        "firstCreated" : "2013-10-01T18:56:13+00:00",
        "hasShortForm" : true,
        "language" : "en-gb",
        "assetUri" : "/news/uk-england-birmingham-24358473",
        "headline" : "Christina Edkins killing: Phillip Simelane detained",
        "shortHeadline" : "Man detained for random bus killing",
        "section" : {
          "name" : "Birmingham & Black Country",
          "uri" : "/news/england/birmingham_and_black_country"
        },
        "site" : {
          "name" : "BBC News",
          "code" : "news-v6"
        },
        "workerCallingCard" : "nolapps593-6006"
      }, {
        "summary" : "An 18-year-old man appears in court charged with the murder of a rapper who was stabbed to death in Birmingham.",
        "type" : "STY",
        "lastUpdated" : "2013-09-24T11:33:36+00:00",
        "firstCreated" : "2013-09-24T10:54:21+00:00",
        "hasShortForm" : true,
        "language" : "en-gb",
        "assetUri" : "/news/uk-england-birmingham-24225178",
        "headline" : "Joshua Ribera: Man in court over rapper stabbing",
        "shortHeadline" : "Man in court over rapper stabbing",
        "section" : {
          "name" : "Birmingham & Black Country",
          "uri" : "/news/england/birmingham_and_black_country"
        },
        "site" : {
          "name" : "BBC News",
          "code" : "news-v6"
        },
        "workerCallingCard" : "NOLAPPS571-6001"
      }, {
        "summary" : "A 17-year-old boy appears in court charged with the murder of a college student in Birmingham.",
        "type" : "STY",
        "lastUpdated" : "2013-09-19T19:17:04+00:00",
        "firstCreated" : "2013-09-19T16:51:27+00:00",
        "hasShortForm" : true,
        "language" : "en-gb",
        "assetUri" : "/news/uk-england-birmingham-24167787",
        "headline" : "Boy in court over murder of Azim Azam in Birmingham",
        "shortHeadline" : "Teenager in court over stab death",
        "section" : {
          "name" : "Birmingham & Black Country",
          "uri" : "/news/england/birmingham_and_black_country"
        },
        "site" : {
          "name" : "BBC News",
          "code" : "news-v6"
        },
        "workerCallingCard" : "NOLAPPS201-6007"
      }, {
        "summary" : "The family of a 16-year-old stabbed in a Birmingham street appeal for information, saying his death has been \"just horrendous\".",
        "type" : "STY",
        "lastUpdated" : "2012-10-01T11:44:28+00:00",
        "firstCreated" : "2012-10-01T09:18:39+00:00",
        "hasShortForm" : true,
        "language" : "en-GB",
        "assetUri" : "/news/uk-england-birmingham-19784398",
        "headline" : "Kyle Sheehan death in Birmingham: Family appeal for information",
        "shortHeadline" : "Boy's stabbing death 'horrendous'",
        "section" : {
          "name" : "Birmingham & Black Country",
          "uri" : "/news/england/birmingham_and_black_country"
        },
        "site" : {
          "name" : "BBC News",
          "code" : "news-v6"
        }
      } ]
    } ],
    "options" : {
      "allowHeadline" : true,
      "allowDateStamp" : true,
      "allowRelatedStoriesBox" : true,
      "allowRightHandSide" : true,
      "includeComments" : false,
      "allowPrintingSharingLinks" : true,
      "allowAdvertising" : true
    },
    "language" : "en-gb",
    "assetUri" : "/news/uk-england-birmingham-24362176",
    "assetId" : "24362176",
    "headline" : "Christina Edkins: Mother of Kyle Sheehan calls for knife crime action",
    "shortHeadline" : "Mother calls for knife crime action",
    "section" : {
      "name" : "Birmingham & Black Country",
      "uri" : "/news/england/birmingham_and_black_country"
    },
    "site" : {
      "name" : "BBC News",
      "code" : "news-v6"
    },
    "workerCallingCard" : "nolapps593-6006",
    "iStatsCounterName" : "news.england.birmingham_and_black_country.story.24362176.page"
  } ]
}