{
  "results" : [ {
    "summary" : "A teenager is arrested over the fatal stabbing of a college student in Birmingham.",
    "type" : "STY",
    "lastUpdated" : "2013-09-18T03:28:28+00:00",
    "firstCreated" : "2013-09-17T10:43:52+00:00",
    "hasShortForm" : true,
    "body" : "<body xmlns=\"http://www.bbc.co.uk/asset\" xml:space=\"preserve\" xml:base=\"http://www.bbc.co.uk/article/98879427-e16b-6949-8d55-1fed8a719c8d\"><image id=\"69901296\"/><paragraph role=\"introduction\">A teenager has been arrested over the fatal stabbing of a college student in Birmingham.</paragraph><paragraph>West Midlands Police said a 17-year-old was held after attending Birmingham Central Police station at midday.</paragraph><paragraph>Azim Azam, 16,  from Billesley in Birmingham, was found collapsed in the street after getting off the number two bus in Moseley at 08:30 BST on Monday.</paragraph><paragraph>His family paid tribute to him as a \"bubbly character\" with \"a friendly nature.\"</paragraph><paragraph>In a statement, the family said: \"Azim was a lovely young lad who was full of life. He was looking forward to going to college to embark on a new chapter of his life. </paragraph><paragraph>\"We still can't get around the fact that someone can be so cruel and heartless enough to take a fellow human life. </paragraph><paragraph>\"How can people go around thinking they are clever or big by carrying knives? We have lost a loved one.\" </paragraph><paragraph>West Midlands Police said it believed Azim became involved in a row with a fellow passenger on the bus.</paragraph><paragraph>He was found lying in Yardley Wood Road at its junction with Hayfield Road having suffered a stab wound. </paragraph><paragraph>He later died in hospital. </paragraph></body>",
    "shortFormBody" : "<shortFormBody xmlns=\"http://www.bbc.co.uk/asset\" xml:space=\"preserve\" xml:base=\"http://www.bbc.co.uk/article/98879427-e16b-6949-8d55-1fed8a719c8d\"><paragraph>A teenager has been arrested over the fatal stabbing of a college student in Birmingham.</paragraph><paragraph>West Midlands Police said a 17-year-old was held after attending Birmingham Central Police station at midday.</paragraph><paragraph>Azim Azam, 16,  from Billesley in Birmingham, was found collapsed in the street after getting off the number two bus in Moseley at 08:30 BST on Monday.</paragraph><paragraph>His family paid tribute to him as a \"bubbly character\" with \"a friendly nature.\"</paragraph></shortFormBody>",
    "media" : {
      "images" : {
        "body" : {
          "69901296" : {
            "height" : 299,
            "width" : 224,
            "href" : "http://news.bbcimg.co.uk/media/images/69901000/png/_69901296_azim.png",
            "caption" : "Azim Azam, 16, was described as a \"lovely young lad, who was full of life\"",
            "altText" : "Azim Azam"
          },
          "69889729" : {
            "height" : 171,
            "width" : 304,
            "href" : "http://news.bbcimg.co.uk/media/images/69889000/jpg/_69889729_stabbingscene.jpg",
            "caption" : "Azim Azam was found collapsed at the junction between Hayfield Road and Yardley Wood Road",
            "altText" : "stab scene in Moseley",
            "positionHint" : "body-narrow-width"
          }
        },
        "index" : {
          "69900760" : {
            "height" : 261,
            "width" : 464,
            "href" : "http://news.bbcimg.co.uk/media/images/69900000/png/_69900760_azim.png",
            "altText" : "Azim Azam"
          }
        }
      }
    },
    "relatedGroups" : [ {
      "type" : "index",
      "items" : [ {
        "summary" : "A 16-year-old boy dies after being found stabbed shortly after getting off a bus in Birmingham.",
        "type" : "STY",
        "lastUpdated" : "2013-09-16T15:27:06+00:00",
        "firstCreated" : "2013-09-16T09:40:57+00:00",
        "hasShortForm" : true,
        "language" : "en-gb",
        "assetUri" : "/news/uk-england-birmingham-24106009",
        "headline" : "Boy dies after being found stabbed at Moseley bus stop",
        "shortHeadline" : "Boy found stabbed at bus stop dies",
        "section" : {
          "name" : "Birmingham & Black Country",
          "uri" : "/news/england/birmingham_and_black_country"
        },
        "site" : {
          "name" : "BBC News",
          "code" : "news-v6"
        },
        "workerCallingCard" : "NOLAPPS202-6004"
      } ]
    }, {
      "type" : "see-alsos",
      "items" : [ {
        "summary" : "A 16-year-old boy dies after being found stabbed shortly after getting off a bus in Birmingham.",
        "type" : "STY",
        "lastUpdated" : "2013-09-16T15:27:06+00:00",
        "firstCreated" : "2013-09-16T09:40:57+00:00",
        "hasShortForm" : true,
        "language" : "en-gb",
        "assetUri" : "/news/uk-england-birmingham-24106009",
        "headline" : "Boy dies after being found stabbed at Moseley bus stop",
        "shortHeadline" : "Boy found stabbed at bus stop dies",
        "section" : {
          "name" : "Birmingham & Black Country",
          "uri" : "/news/england/birmingham_and_black_country"
        },
        "site" : {
          "name" : "BBC News",
          "code" : "news-v6"
        },
        "workerCallingCard" : "NOLAPPS202-6004"
      } ]
    }, {
      "type" : "related-urls",
      "items" : [ {
        "title" : "West Midlands Police",
        "type" : "LINK",
        "links" : {
          "desktop" : "http://www.west-midlands.police.uk/",
          "highweb" : "http://www.west-midlands.police.uk/"
        },
        "assetTypeCode" : "URL"
      } ]
    } ],
    "options" : {
      "allowHeadline" : true,
      "allowDateStamp" : true,
      "allowRelatedStoriesBox" : false,
      "allowRightHandSide" : true,
      "includeComments" : false,
      "allowPrintingSharingLinks" : true,
      "allowAdvertising" : true
    },
    "language" : "en-gb",
    "assetUri" : "/news/uk-england-birmingham-24127857",
    "assetId" : "24127857",
    "headline" : "Azim Azam fatal bus stabbing suspect detained",
    "shortHeadline" : "Youth held over student bus stabbing",
    "section" : {
      "name" : "Birmingham & Black Country",
      "uri" : "/news/england/birmingham_and_black_country"
    },
    "site" : {
      "name" : "BBC News",
      "code" : "news-v6"
    },
    "workerCallingCard" : "nolapps575-6001",
    "iStatsCounterName" : "news.england.birmingham_and_black_country.story.24127857.page"
  } ]
}