{
  "results" : [ {
    "summary" : "A man is arrested after a 16-year-old girl was stabbed to death on a rush-hour bus on one of Birmingham's busiest roads.",
    "type" : "STY",
    "lastUpdated" : "2013-03-07T22:05:02+00:00",
    "firstCreated" : "2013-03-07T08:43:23+00:00",
    "hasShortForm" : true,
    "body" : "<body xmlns=\"http://www.bbc.co.uk/asset\" xml:space=\"preserve\" xml:base=\"http://www.bbc.co.uk/article/167cd144-6588-6241-8834-127882212d43\"><image id=\"66252167\"/><paragraph role=\"introduction\">A man has been arrested after a 16-year-old girl was stabbed to death on a rush-hour bus on one of Birmingham's busiest roads.</paragraph><paragraph>Christina Edkins was attacked on board the bus on Hagley Road while on her way to Leasowes High School in Halesowen.</paragraph><paragraph>Her head teacher Neil Shaw described her as a \"bright and popular student\" who was \"much loved by staff and students\".</paragraph><paragraph>A 22-year-old man was arrested nearby on suspicion of murder.</paragraph><paragraph>West Midlands Police said officers had spotted a man acting suspiciously who fitted the description of the suspect and was arrested after a short chase.</paragraph><crosshead>'Support pupils'</crosshead><paragraph>Det Supt Richard Baker said the teenager's family were \"distressed and distraught\".</paragraph><paragraph>Police officers stood guard at the family's home near Birmingham city centre for much of the day, while specialist officers sought to comfort relatives.</paragraph><paragraph>Counsellors were also being brought in to support pupils and staff at Leasowes High School. The BBC's James Bovill said some were in tears as they left the school.</paragraph><paragraph>Mr Shaw said: \"We are deeply saddened to hear this tragic news and our thoughts and hearts go out to her family and everyone who knew her.\"</paragraph><image id=\"66257237\"/><paragraph>Police said they would be checking Christina's profiles on social media websites as part of the investigation, but there was nothing to suggest she was being targeted.</paragraph><paragraph>Christina is understood to have boarded the bus minutes before the attack, which happened at about 07:40 GMT on Thursday.</paragraph><paragraph>The driver raised the alarm and attempts were made to revive the teenager, but she died at the scene.</paragraph><paragraph>Police said they were not looking for anyone else in connection with the stabbing. They added that there was nothing at this stage to suggest the attacker and Christina were known to each other.</paragraph><paragraph>The 22-year-old suspect was arrested near the Morrisons supermarket at Five Ways at about 12:30 GMT, following a city-wide manhunt.</paragraph><paragraph>Another man who was earlier detained in the city centre by police has since been released.</paragraph><paragraph>Det Supt Baker said officers were now analysing hours of CCTV footage, including some from on the bus.</paragraph><paragraph>He said he believed there were some passengers on board at the time of the attack who had not yet come forward.</paragraph><crosshead>'Tragic incident'</crosshead><paragraph>Officers patrolled buses and schools across the city on Thursday afternoon to help reassure people.</paragraph><!-- Embedded video --><video media-id=\"66259937\">    <caption>West Midlands Police gave an update on the arrest</caption>  </video><paragraph>Detectives said the murder investigation was still in its \"very early stages\" and they did not want to speculate on the motive.</paragraph><paragraph>The bus was earlier removed from the scene and the road reopened.</paragraph><paragraph>A spokesman from National Express West Midlands said: \"We can confirm that a tragic incident took place on a number 9 service this morning.</paragraph><paragraph>\"Our thoughts and condolences are with the family of the person involved and we will offer all possible support to the police in their investigation into the matter.\"</paragraph><paragraph>Anyone with information can call police on 0800 096 0095.</paragraph></body>",
    "shortFormBody" : "<shortFormBody xmlns=\"http://www.bbc.co.uk/asset\" xml:space=\"preserve\" xml:base=\"http://www.bbc.co.uk/article/167cd144-6588-6241-8834-127882212d43\"><paragraph>A man has been arrested after a 16- year-old girl was stabbed to death on a rush-hour bus on one of Birmingham's busiest roads. </paragraph><paragraph>Christina Edkins was attacked on board the bus on Hagley Road while on her way to Leasowes High School in Halesowen. </paragraph><paragraph>Her head teacher Neil Shaw described her as a \"bright and popular student\" who was \"much loved by staff and students\". </paragraph><paragraph>A 22-year-old man was arrested nearby on suspicion of murder. </paragraph></shortFormBody>",
    "media" : {
      "images" : {
        "body" : {
          "66249641" : {
            "height" : 171,
            "width" : 304,
            "href" : "http://news.bbcimg.co.uk/media/images/66249000/jpg/_66249641_frankiebus.jpg",
            "caption" : "Nothing could be done to save the victim, the emergency services said",
            "altText" : "Hagley Road stabbing",
            "positionHint" : "body-narrow-width"
          },
          "66249187" : {
            "height" : 171,
            "width" : 304,
            "href" : "http://news.bbcimg.co.uk/media/images/66249000/jpg/_66249187_forensics.jpg",
            "altText" : "Hagley Road stabbing",
            "positionHint" : "body-narrow-width"
          },
          "66248410" : {
            "height" : 171,
            "width" : 304,
            "href" : "http://news.bbcimg.co.uk/media/images/66248000/jpg/_66248410_hagley.jpg",
            "caption" : "The Hagley Road and surrounding pavements would be closed off for most of the day, police said",
            "altText" : "Hagley Road incident",
            "positionHint" : "body-narrow-width"
          },
          "66247894" : {
            "height" : 171,
            "width" : 304,
            "href" : "http://news.bbcimg.co.uk/media/images/66247000/jpg/_66247894_bevvtlncaaa3pc_.jpg",
            "caption" : "Eyewitnesses reported seeing about 10 police cars and two ambulances at the scene",
            "altText" : "Hagley Road incident",
            "positionHint" : "body-narrow-width"
          },
          "66252100" : {
            "height" : 261,
            "width" : 464,
            "href" : "http://news.bbcimg.co.uk/media/images/66252000/jpg/_66252100_busscene.jpg",
            "caption" : "Officers believe the girl was on her way to school when she was stabbed",
            "altText" : "The bus and police cars in Hagley Road",
            "positionHint" : "body-width"
          },
          "66252165" : {
            "height" : 171,
            "width" : 304,
            "href" : "http://news.bbcimg.co.uk/media/images/66252000/jpg/_66252165_timbowerspic.jpg",
            "caption" : "Traffic queues built up across the city following the attack",
            "altText" : "The Hagley Road",
            "positionHint" : "body-narrow-width"
          },
          "66252167" : {
            "height" : 171,
            "width" : 304,
            "href" : "http://news.bbcimg.co.uk/media/images/66252000/png/_66252167_40201337-1253-1.png",
            "caption" : "Christina was described as a \"bright and popular student\" by her head teacher",
            "altText" : "Christina Edkins",
            "positionHint" : "body-narrow-width"
          },
          "66257237" : {
            "height" : 171,
            "width" : 304,
            "href" : "http://news.bbcimg.co.uk/media/images/66257000/jpg/_66257237_017425961-1.jpg",
            "caption" : "The bus was taken away from the scene, near the Five Ways junction of the Hagley Road",
            "altText" : "Police officers at the scene",
            "positionHint" : "body-narrow-width"
          },
          "66257240" : {
            "height" : 299,
            "width" : 224,
            "href" : "http://news.bbcimg.co.uk/media/images/66257000/jpg/_66257240_c13d0024-b240-4831-9ff6-34394bdbd01e.jpg",
            "caption" : "Officers have been searching around the scene",
            "altText" : "Officers searching around the scene"
          }
        },
        "index" : {
          "66252169" : {
            "height" : 261,
            "width" : 464,
            "href" : "http://news.bbcimg.co.uk/media/images/66252000/jpg/_66252169_66252168.jpg",
            "altText" : "Christina Edkins"
          }
        }
      },
      "videos" : {
        "body" : {
          "66259937" : {
            "duration" : "PT1M16S",
            "available" : true,
            "mimeType" : "application/xml",
            "href" : "http://playlists.bbc.co.uk/news/uk-21705451A/playlist.sxml",
            "externalId" : "p0160mww",
            "caption" : "West Midlands Police gave an update on the arrest",
            "allowOffSiteEmbedding" : false,
            "live" : false,
            "image" : {
              "height" : 360,
              "width" : 640,
              "href" : "http://news.bbcimg.co.uk/media/images/66259000/jpg/_66259939_66259938.jpg",
              "altText" : "Det Supt Richard Baker"
            }
          }
        }
      }
    },
    "relatedGroups" : [ {
      "type" : "index",
      "items" : [ {
        "summary" : "Tributes are paid to a 16-year-old schoolgirl who was stabbed to death on a bus in Birmingham.",
        "type" : "STY",
        "lastUpdated" : "2013-03-07T20:07:44+00:00",
        "firstCreated" : "2013-03-07T18:41:12+00:00",
        "hasShortForm" : true,
        "language" : "en-GB",
        "assetUri" : "/news/uk-england-birmingham-21708079",
        "headline" : "Christina Edkins stab death: Tributes to Birmingham schoolgirl",
        "shortHeadline" : "Friends pay tribute to stabbed girl",
        "section" : {
          "name" : "Birmingham & Black Country",
          "uri" : "/news/england/birmingham_and_black_country"
        },
        "site" : {
          "name" : "BBC News",
          "code" : "news-v6"
        }
      }, {
        "summary" : "A man has been arrested after a 16-year-old girl was stabbed to death on a rush-hour bus on one of Birmingham's busiest roads.",
        "type" : "MAP",
        "lastUpdated" : "2013-03-07T15:19:00+00:00",
        "firstCreated" : "2013-03-07T15:09:21+00:00",
        "hasShortForm" : false,
        "media" : {
          "videos" : {
            "primary" : {
              "66259937" : {
                "duration" : "PT1M16S",
                "available" : true,
                "mimeType" : "application/xml",
                "href" : "http://playlists.bbc.co.uk/news/uk-21705451A/playlist.sxml",
                "externalId" : "p0160mww",
                "caption" : "West Midlands Police gave an update on the arrest",
                "allowOffSiteEmbedding" : false,
                "live" : false,
                "image" : {
                  "height" : 360,
                  "width" : 640,
                  "href" : "http://news.bbcimg.co.uk/media/images/66259000/jpg/_66259939_66259938.jpg",
                  "altText" : "Det Supt Richard Baker"
                }
              }
            }
          }
        },
        "language" : "en-GB",
        "assetUri" : "/news/uk-21705451",
        "headline" : "Birmingham stabbing: Police arrest man over fatal attack",
        "shortHeadline" : "Bus stab suspect 'arrested after chase'",
        "section" : {
          "name" : "UK",
          "uri" : "/news/uk"
        },
        "site" : {
          "name" : "BBC News",
          "code" : "news-v6"
        },
        "mediaType" : "Video"
      } ]
    }, {
      "type" : "see-alsos",
      "items" : [ {
        "summary" : "Tributes are paid to a 16-year-old schoolgirl who was stabbed to death on a bus in Birmingham.",
        "type" : "STY",
        "lastUpdated" : "2013-03-07T20:07:44+00:00",
        "firstCreated" : "2013-03-07T18:41:12+00:00",
        "hasShortForm" : true,
        "language" : "en-GB",
        "assetUri" : "/news/uk-england-birmingham-21708079",
        "headline" : "Christina Edkins stab death: Tributes to Birmingham schoolgirl",
        "shortHeadline" : "Friends pay tribute to stabbed girl",
        "section" : {
          "name" : "Birmingham & Black Country",
          "uri" : "/news/england/birmingham_and_black_country"
        },
        "site" : {
          "name" : "BBC News",
          "code" : "news-v6"
        }
      }, {
        "summary" : "A man has been arrested after a 16-year-old girl was stabbed to death on a rush-hour bus on one of Birmingham's busiest roads.",
        "type" : "MAP",
        "lastUpdated" : "2013-03-07T15:19:00+00:00",
        "firstCreated" : "2013-03-07T15:09:21+00:00",
        "hasShortForm" : false,
        "media" : {
          "videos" : {
            "primary" : {
              "66259937" : {
                "duration" : "PT1M16S",
                "available" : true,
                "mimeType" : "application/xml",
                "href" : "http://playlists.bbc.co.uk/news/uk-21705451A/playlist.sxml",
                "externalId" : "p0160mww",
                "caption" : "West Midlands Police gave an update on the arrest",
                "allowOffSiteEmbedding" : false,
                "live" : false,
                "image" : {
                  "height" : 360,
                  "width" : 640,
                  "href" : "http://news.bbcimg.co.uk/media/images/66259000/jpg/_66259939_66259938.jpg",
                  "altText" : "Det Supt Richard Baker"
                }
              }
            }
          }
        },
        "language" : "en-GB",
        "assetUri" : "/news/uk-21705451",
        "headline" : "Birmingham stabbing: Police arrest man over fatal attack",
        "shortHeadline" : "Bus stab suspect 'arrested after chase'",
        "section" : {
          "name" : "UK",
          "uri" : "/news/uk"
        },
        "site" : {
          "name" : "BBC News",
          "code" : "news-v6"
        },
        "mediaType" : "Video"
      } ]
    }, {
      "type" : "related-urls",
      "items" : [ {
        "title" : "West Midlands Police",
        "type" : "LINK",
        "links" : {
          "desktop" : "http://www.west-midlands.police.uk/index.asp",
          "highweb" : "http://www.west-midlands.police.uk/index.asp"
        },
        "assetTypeCode" : "URL"
      } ]
    } ],
    "options" : {
      "allowHeadline" : true,
      "allowDateStamp" : true,
      "allowRelatedStoriesBox" : true,
      "allowRightHandSide" : true,
      "includeComments" : false,
      "allowPrintingSharingLinks" : true,
      "allowAdvertising" : true
    },
    "language" : "en-GB",
    "assetUri" : "/news/uk-england-stoke-staffordshire-21697693",
    "assetId" : "21697693",
    "headline" : "Birmingham stabbing: Man held over Christina Edkins attack",
    "shortHeadline" : "Man held after fatal bus stabbing",
    "section" : {
      "name" : "Birmingham & Black Country",
      "uri" : "/news/england/birmingham_and_black_country"
    },
    "site" : {
      "name" : "BBC News",
      "code" : "news-v6"
    },
    "iStatsCounterName" : "news.england.birmingham_and_black_country.story.21697693.page"
  } ]
}