{
  "results" : [ {
    "summary" : "A 22-year-old man arrested on suspicion of fatally stabbing 16-year-old Christina Edkins in Birmingham is sectioned under the Mental Health Act.",
    "type" : "STY",
    "lastUpdated" : "2013-03-08T18:46:11+00:00",
    "firstCreated" : "2013-03-08T18:08:09+00:00",
    "hasShortForm" : true,
    "body" : "<body xmlns=\"http://www.bbc.co.uk/asset\" xml:space=\"preserve\" xml:base=\"http://www.bbc.co.uk/article/eb82a58a-6b9a-4c4e-ba00-6a08c03d2f96\"><image id=\"66252167\"/><paragraph role=\"introduction\">A 22-year-old man arrested on suspicion of fatally stabbing schoolgirl Christina Edkins on a bus in Birmingham has been sectioned under the Mental Health Act.</paragraph><paragraph>The 16-year-old was stabbed on a bus on Hagley Road on Thursday, while on her way to school in Halesowen.</paragraph><paragraph>A post mortem examination revealed she died from a single stab wound to the chest.</paragraph><paragraph>West Midlands Police said the suspect would now be sent to a secure facility. </paragraph><paragraph>Officers said an assessment by mental health professionals deemed him unfit to be interviewed any further by detectives. </paragraph><paragraph>They said the 22-year-old, a British national with links to Walsall, was not previously known to mental health units in the area and has no known link to the teenager.</paragraph><paragraph>Christina is understood to have boarded the number 9 bus minutes before the attack, which happened at about 07:40 GMT.</paragraph><crosshead>'Senseless and random'</crosshead><paragraph>Police said it was part of Christina's regular daily routine to get the bus at that time.</paragraph><!-- Embedded video --><video media-id=\"66282375\">    <caption>Pupils at Leasowes High School have mourned the death of Christina Edkins</caption>  </video><paragraph>A woman claiming to have witnessed the incident on the bus said she waited for the girl's attacker to get off the vehicle before performing CPR.</paragraph><paragraph>Writing on Facebook, she said she was \"deeply traumatised\" she could not save the teenager.</paragraph><paragraph>Det Supt Richard Baker said Christina's family were distraught over the seemingly \"senseless and random\" attack.</paragraph><paragraph>Fellow pupils, parents and staff at Leasowes High School in Halesowen have laid more than 100 bunches of flowers outside the school gates in her memory.</paragraph><paragraph>Other friends gathered near the scene on Hagley Road to pay their respects.</paragraph></body>",
    "shortFormBody" : "<shortFormBody xmlns=\"http://www.bbc.co.uk/asset\" xml:space=\"preserve\" xml:base=\"http://www.bbc.co.uk/article/eb82a58a-6b9a-4c4e-ba00-6a08c03d2f96\"><paragraph>A 22-year-old man arrested on suspicion of fatally stabbing schoolgirl Christina Edkins on a bus in Birmingham has been sectioned under the Mental Health Act. </paragraph><paragraph>The 16-year-old was stabbed on a bus on Hagley Road on Thursday, while on her way to school in Halesowen. </paragraph><paragraph>A post mortem examination revealed she died from a single stab wound to the chest. </paragraph><paragraph>West Midlands Police said the suspect would now be sent to a secure facility. </paragraph></shortFormBody>",
    "media" : {
      "images" : {
        "body" : {
          "66252167" : {
            "height" : 171,
            "width" : 304,
            "href" : "http://news.bbcimg.co.uk/media/images/66252000/png/_66252167_40201337-1253-1.png",
            "caption" : "Christina died from a single stab wound to the chest",
            "altText" : "Christina Edkins",
            "positionHint" : "body-narrow-width"
          }
        },
        "index" : {
          "66252169" : {
            "height" : 261,
            "width" : 464,
            "href" : "http://news.bbcimg.co.uk/media/images/66252000/jpg/_66252169_66252168.jpg",
            "altText" : "Christina Edkins"
          }
        }
      },
      "videos" : {
        "body" : {
          "66282375" : {
            "duration" : "PT1M36S",
            "available" : true,
            "mimeType" : "application/xml",
            "href" : "http://playlists.bbc.co.uk/news/uk-england-birmingham-21718540A/playlist.sxml",
            "externalId" : "p0162d4p",
            "caption" : "Pupils at Leasowes High School have mourned the death of Christina Edkins",
            "allowOffSiteEmbedding" : false,
            "live" : false,
            "image" : {
              "height" : 360,
              "width" : 640,
              "href" : "http://news.bbcimg.co.uk/media/images/66282000/jpg/_66282377_school_flowers_640.jpg",
              "altText" : "Flowers being laid outside Leasowes High School in Halesowen"
            }
          }
        }
      }
    },
    "relatedGroups" : [ {
      "type" : "index",
      "items" : [ {
        "summary" : "A 16-year-old girl who was attacked on rush-hour bus in Birmingham died from a single stab wound to the chest, post-mortem tests reveal.",
        "type" : "STY",
        "lastUpdated" : "2013-03-08T14:57:08+00:00",
        "firstCreated" : "2013-03-08T04:06:24+00:00",
        "hasShortForm" : true,
        "language" : "en-GB",
        "assetUri" : "/news/uk-england-birmingham-21710567",
        "headline" : "Christina Edkins bus stabbing: Single stab wound killed teenager",
        "shortHeadline" : "Girl killed on bus was stabbed once",
        "section" : {
          "name" : "Birmingham & Black Country",
          "uri" : "/news/england/birmingham_and_black_country"
        },
        "site" : {
          "name" : "BBC News",
          "code" : "news-v6"
        }
      }, {
        "summary" : "Tributes are paid to a 16-year-old schoolgirl who was stabbed to death on a bus in Birmingham.",
        "type" : "STY",
        "lastUpdated" : "2013-03-07T20:07:44+00:00",
        "firstCreated" : "2013-03-07T18:41:12+00:00",
        "hasShortForm" : true,
        "language" : "en-GB",
        "assetUri" : "/news/uk-england-birmingham-21708079",
        "headline" : "Christina Edkins stab death: Tributes to Birmingham schoolgirl",
        "shortHeadline" : "Friends pay tribute to stabbed girl",
        "section" : {
          "name" : "Birmingham & Black Country",
          "uri" : "/news/england/birmingham_and_black_country"
        },
        "site" : {
          "name" : "BBC News",
          "code" : "news-v6"
        }
      } ]
    }, {
      "type" : "see-alsos",
      "items" : [ {
        "summary" : "A 16-year-old girl who was attacked on rush-hour bus in Birmingham died from a single stab wound to the chest, post-mortem tests reveal.",
        "type" : "STY",
        "lastUpdated" : "2013-03-08T14:57:08+00:00",
        "firstCreated" : "2013-03-08T04:06:24+00:00",
        "hasShortForm" : true,
        "language" : "en-GB",
        "assetUri" : "/news/uk-england-birmingham-21710567",
        "headline" : "Christina Edkins bus stabbing: Single stab wound killed teenager",
        "shortHeadline" : "Girl killed on bus was stabbed once",
        "section" : {
          "name" : "Birmingham & Black Country",
          "uri" : "/news/england/birmingham_and_black_country"
        },
        "site" : {
          "name" : "BBC News",
          "code" : "news-v6"
        }
      }, {
        "summary" : "Tributes are paid to a 16-year-old schoolgirl who was stabbed to death on a bus in Birmingham.",
        "type" : "STY",
        "lastUpdated" : "2013-03-07T20:07:44+00:00",
        "firstCreated" : "2013-03-07T18:41:12+00:00",
        "hasShortForm" : true,
        "language" : "en-GB",
        "assetUri" : "/news/uk-england-birmingham-21708079",
        "headline" : "Christina Edkins stab death: Tributes to Birmingham schoolgirl",
        "shortHeadline" : "Friends pay tribute to stabbed girl",
        "section" : {
          "name" : "Birmingham & Black Country",
          "uri" : "/news/england/birmingham_and_black_country"
        },
        "site" : {
          "name" : "BBC News",
          "code" : "news-v6"
        }
      } ]
    }, {
      "type" : "related-urls",
      "items" : [ {
        "title" : "West Midlands Police",
        "type" : "LINK",
        "links" : {
          "desktop" : "http://www.west-midlands.police.uk",
          "highweb" : "http://www.west-midlands.police.uk"
        },
        "assetTypeCode" : "URL"
      } ]
    } ],
    "options" : {
      "allowHeadline" : true,
      "allowDateStamp" : true,
      "allowRelatedStoriesBox" : true,
      "allowRightHandSide" : true,
      "includeComments" : false,
      "allowPrintingSharingLinks" : true,
      "allowAdvertising" : true
    },
    "language" : "en-GB",
    "assetUri" : "/news/uk-england-21718547",
    "assetId" : "21718547",
    "headline" : "Christina Edkins bus stabbing: Arrested man sectioned",
    "shortHeadline" : "Bus stabbing suspect sectioned",
    "section" : {
      "name" : "England",
      "uri" : "/news/england"
    },
    "site" : {
      "name" : "BBC News",
      "code" : "news-v6"
    },
    "iStatsCounterName" : "news.england.story.21718547.page"
  } ]
}