{
  "results" : [ {
    "summary" : "Police are given more time to question two teenagers arrested after a 15-year-old boy was stabbed to death in a Birmingham park.",
    "type" : "STY",
    "lastUpdated" : "2013-07-17T20:42:10+00:00",
    "firstCreated" : "2013-07-17T13:09:40+00:00",
    "hasShortForm" : true,
    "body" : "<body xmlns=\"http://www.bbc.co.uk/asset\" xml:space=\"preserve\" xml:base=\"http://www.bbc.co.uk/article/3549750d-86ef-4f42-b3e4-a7fb7678bb33\"><image id=\"68759754\"/><paragraph role=\"introduction\">Police have been given more time to question two teenagers arrested on suspicion of murder after a 15-year-old boy was stabbed to death in a fight.</paragraph><paragraph>The clash between two groups of young people happened in a park in Wash Lane, South Yardley, Birmingham on Monday.</paragraph><paragraph>Hassan Mahmood was taken to hospital but died a short time later.</paragraph><paragraph>Four teenagers were arrested after the attack and two later released without charge. Two 16-year-old boys remain in custody, West Midlands Police said.</paragraph><paragraph>Hassan's cousin Asad Hamid said \"he died because he was sticking up for his older brother\".</paragraph><paragraph>Mr Hamid said: \"I don't know how they [the family] are going to carry on living their normal lives.</paragraph><paragraph>\"The mother actually fainted a couple of times. It's heartbreaking her losing a son.\"</paragraph><paragraph>Hassan had been a pupil at the Rightrack independent school in Saltley for six weeks. His headteacher Sohail Aslam said he had settled in quickly and been well-liked.</paragraph><paragraph>Police said they were looking at CCTV footage which may have captured the fight and were appealing for anyone who was in the area at the time to contact them. </paragraph><paragraph>A post-mortem examination was due to take place on Wednesday.</paragraph></body>",
    "shortFormBody" : "<shortFormBody xmlns=\"http://www.bbc.co.uk/asset\" xml:space=\"preserve\" xml:base=\"http://www.bbc.co.uk/article/3549750d-86ef-4f42-b3e4-a7fb7678bb33\"><paragraph>Police have been given more time to question two teenagers arrested on suspicion of murder after a 15-year-old boy was stabbed to death in a fight.</paragraph><paragraph>The clash between two groups of young people happened in a park in Wash Lane, South Yardley, Birmingham on Monday.</paragraph><paragraph>Hassan Mahmood was taken to hospital but died a short time later.</paragraph><paragraph>Four teenagers were arrested after the attack and two later released without charge. Two 16-year-old boys remain in custody, West Midlands Police said.</paragraph></shortFormBody>",
    "media" : {
      "images" : {
        "body" : {
          "51606573" : {
            "height" : 171,
            "width" : 304,
            "href" : "http://news.bbcimg.co.uk/media/images/51606000/jpg/_51606573_fa1d16c0-9c6c-4f82-b0b8-ab66ddd94f78.jpg",
            "altText" : "Breaking news",
            "positionHint" : "body-narrow-width"
          },
          "68763393" : {
            "height" : 171,
            "width" : 304,
            "href" : "http://news.bbcimg.co.uk/media/images/68763000/jpg/_68763393_flowers-michelledawes.jpg",
            "caption" : "Floral tributes to Hassan Mahmood have been left in Oaklands Park",
            "altText" : "Floral tributes at the scene of a stabbing in Yardley",
            "positionHint" : "body-narrow-width"
          },
          "68758005" : {
            "height" : 261,
            "width" : 464,
            "href" : "http://news.bbcimg.co.uk/media/images/68758000/jpg/_68758005_wash-lane.jpg",
            "caption" : "Officers cordoned off the area and a floodlit search of the area was carried out",
            "altText" : "Wash Lane, Yardley, image from Google Earth",
            "positionHint" : "body-width"
          },
          "68759754" : {
            "height" : 261,
            "width" : 464,
            "href" : "http://news.bbcimg.co.uk/media/images/68759000/jpg/_68759754_policesearch-michelledawes.jpg",
            "caption" : "The stabbing happened at Oaklands Park, Yardley on Monday",
            "altText" : "Police searching Oaklands Park, Yardley, near the scene of the stabbing",
            "positionHint" : "body-width"
          },
          "68758007" : {
            "height" : 171,
            "width" : 304,
            "href" : "http://news.bbcimg.co.uk/media/images/68758000/jpg/_68758007_wash-lane.jpg",
            "caption" : "Officers cordoned off the area and a floodlit search of the area was carried out",
            "altText" : "Wash Lane, Yardley, image from Google Earth",
            "positionHint" : "body-narrow-width"
          }
        },
        "index" : {
          "68759585" : {
            "height" : 540,
            "width" : 960,
            "href" : "http://news.bbcimg.co.uk/media/images/68759000/jpg/_68759585_flowers-michelledawes.jpg",
            "altText" : "Floral tributes at the scene of a stabbing in Yardley"
          }
        }
      }
    },
    "relatedGroups" : [ {
      "type" : "index",
      "items" : [ {
        "summary" : "Two teenagers are held on suspicion of murder after a 15-year-old boy is fatally stabbed in a park in Birmingham.",
        "type" : "STY",
        "lastUpdated" : "2013-07-16T19:34:27+00:00",
        "firstCreated" : "2012-12-06T16:27:29+00:00",
        "hasShortForm" : true,
        "language" : "en-gb",
        "assetUri" : "/news/uk-england-20630614",
        "headline" : "Yardley stabbing: Boy, 15, stabbed to death in fight",
        "shortHeadline" : "Boy, 15, stabbed to death in fight",
        "section" : {
          "name" : "Birmingham & Black Country",
          "uri" : "/news/england/birmingham_and_black_country"
        },
        "site" : {
          "name" : "BBC News",
          "code" : "news-v6"
        }
      } ]
    }, {
      "type" : "see-alsos",
      "items" : [ {
        "summary" : "Two teenagers are held on suspicion of murder after a 15-year-old boy is fatally stabbed in a park in Birmingham.",
        "type" : "STY",
        "lastUpdated" : "2013-07-16T19:34:27+00:00",
        "firstCreated" : "2012-12-06T16:27:29+00:00",
        "hasShortForm" : true,
        "language" : "en-gb",
        "assetUri" : "/news/uk-england-20630614",
        "headline" : "Yardley stabbing: Boy, 15, stabbed to death in fight",
        "shortHeadline" : "Boy, 15, stabbed to death in fight",
        "section" : {
          "name" : "Birmingham & Black Country",
          "uri" : "/news/england/birmingham_and_black_country"
        },
        "site" : {
          "name" : "BBC News",
          "code" : "news-v6"
        }
      } ]
    }, {
      "type" : "related-urls",
      "items" : [ {
        "title" : "West Midlands Police",
        "type" : "LINK",
        "links" : {
          "desktop" : "http://www.west-midlands.police.uk/",
          "highweb" : "http://www.west-midlands.police.uk/"
        },
        "assetTypeCode" : "URL"
      } ]
    } ],
    "options" : {
      "allowHeadline" : true,
      "allowDateStamp" : true,
      "allowRelatedStoriesBox" : true,
      "allowRightHandSide" : true,
      "includeComments" : false,
      "allowPrintingSharingLinks" : true,
      "allowAdvertising" : true
    },
    "language" : "en-gb",
    "assetUri" : "/news/uk-england-birmingham-23345142",
    "assetId" : "23345142",
    "headline" : "Yardley stabbing: More time to quiz teen suspects",
    "shortHeadline" : "More time to quiz stab death teens",
    "section" : {
      "name" : "Birmingham & Black Country",
      "uri" : "/news/england/birmingham_and_black_country"
    },
    "site" : {
      "name" : "BBC News",
      "code" : "news-v6"
    },
    "iStatsCounterName" : "news.england.birmingham_and_black_country.story.23345142.page"
  } ]
}